Seq,Name,m_Name,RAJ2000,DEJ2000,Sp,Mass,e_Mass,Rad,e_Rad,logg,e_logg,Teff,e_Teff,Remark,SimbadName
47," XY Cet",p,44.889708333333324,3.5175749999999995,"A5V",1.773,0.016,1.876,0.035,4.141,0.017,7870,115,"*  "," XY Cet"
48," XY Cet",s,44.889708333333324,3.5175749999999995,"A7V",1.615,0.014,1.776,0.029,4.148,0.015,7620,125,"*  "," XY Cet"
95," V818 Tau",p,64.41224999999999,16.947858333333333,"G6V",1.047,0.165,0.898,0.189,4.552,0.195,5470,,"1  "," V818 Tau"
96," V818 Tau",s,64.41224999999999,16.947858333333333,"K6V",0.758,0.108,0.767,0.099,4.548,0.128,3977,22,"***"," V818 Tau"
89," V1094 Tau",p,63.014958333333325,21.947374999999997,"G0",1.0965,0.004,1.4109,0.0058,4.179,0.004,5850,100,"*  "," V1094 Tau"
90," V1094 Tau",s,63.014958333333325,21.947374999999997,"G0",1.0121,0.0028,1.1063,0.0066,4.356,0.005,5700,100,"*  "," V1094 Tau"
83," CF Tau",p,61.29220833333333,22.496713888888888,"G0",1.282,0.009,2.797,0.011,3.653,0.005,5200,150,"2  "," CF Tau"
84," CF Tau",s,61.29220833333333,22.496713888888888,"G0",1.252,0.011,2.048,0.016,3.913,0.008,6000,150,"2  "," CF Tau"
73," V612 Tau",p,55.61374999999999,22.573577777777775,"M3",0.3019,0.007,0.341,0.016,4.853,0.042,3230,100,"** "," V612 Tau"
74," V612 Tau",s,55.61374999999999,22.573577777777775,"M3",0.2767,0.0068,0.319,0.013,4.873,0.037,3090,100,"** "," V612 Tau"
75," EPIC 211075914",p,56.730458333333324,24.188027777777773,"M4.5",0.41,0.18,0.46,0.11,4.726,0.282,2970,,"1  "," EPIC 211075914"
76," EPIC 211075914",s,56.730458333333324,24.188027777777773,"M4.5",0.172,0.069,0.321,0.06,4.661,0.238,3000,,"1  "," EPIC 211075914"
77," V1229 Tau",p,56.87270833333333,24.28834444444444,"A0V",2.203,0.013,1.727,0.027,4.307,0.014,9950,,"*  "," V1229 Tau"
78," V1229 Tau",s,56.87270833333333,24.28834444444444,"Am",1.5488,0.0093,1.503,0.045,4.274,0.026,7281,9,"*  "," V1229 Tau"
45," AG Ari",p,36.612333333333325,12.898836111111109,"A0V",2.164,0.07,2.232,0.023,4.076,0.017,10300,250,"** "," AG Ari"
46," AG Ari",s,36.612333333333325,12.898836111111109,"A0V",2.148,0.07,2.074,0.022,4.137,0.017,9800,230,"** "," AG Ari"
35," NSVS 06507557",p,29.599458333333327,25.35545833333333,"K9",0.656,0.086,0.603,0.03,4.695,0.071,3960,80,"***"," NSVS 06507557"
36," NSVS 06507557",s,29.599458333333327,25.35545833333333,"M3",0.279,0.045,0.445,0.024,4.587,0.084,3365,80,"1  "," NSVS 06507557"
49," V881 Per",p,44.97133333333333,38.030072222222216,"K0IV",0.912,0.039,0.975,0.02,4.42,0.026,5200,,"** "," V881 Per"
50," V881 Per",s,44.97133333333333,38.030072222222216,"K0IV",0.748,0.035,0.708,0.018,4.612,0.03,4330,25,"** "," V881 Per"
91," NP Per",p,63.740666666666655,31.44556666666666,"F5V",1.3207,0.0087,1.372,0.013,4.284,0.009,6420,90,"*  "," NP Per"
92," NP Per",s,63.740666666666655,31.44556666666666,"K5eV",1.0456,0.0046,1.229,0.013,4.279,0.009,4540,160,"*  "," NP Per"
85," AG Per",p,61.73262499999999,33.44636944444444,"B4V",4.498,0.134,3.009,0.07,4.135,0.024,18200,800,"*  "," AG Per"
86," AG Per",s,61.73262499999999,33.44636944444444,"B4V",4.098,0.109,2.616,0.07,4.216,0.026,17400,800,"*  "," AG Per"
111," AR Aur",p,79.57874999999999,33.76734722222222,"B9V",2.5435,0.0051,1.8237,0.0099,4.322,0.005,10950,300,"*  "," AR Aur"
112," AR Aur",s,79.57874999999999,33.76734722222222,"B9.6V",2.3567,0.0047,1.8108,0.0083,4.295,0.004,10350,300,"*  "," AR Aur"
105," HP Aur",p,77.59074999999999,35.79628611111111,"G2V",0.9543,0.0041,1.0278,0.0042,4.394,0.004,5810,120,"*  "," HP Aur"
106," HP Aur",s,77.59074999999999,35.79628611111111,"K1V",0.8094,0.0036,0.7758,0.0034,4.567,0.004,5160,120,"*  "," HP Aur"
125," V432 Aur",p,84.38545833333332,37.08673888888888,"F7V",1.08,0.016,2.464,0.02,3.688,0.01,6080,85,"2  "," V432 Aur"
126," V432 Aur",s,84.38545833333332,37.08673888888888,"F8V",1.224,0.016,1.232,0.006,4.345,0.007,6685,8,"*  "," V432 Aur"
133," beta Aur",p,89.88216666666665,44.94743333333333,"A1Vm",2.369,0.027,2.762,0.017,3.93,0.007,9350,200,"*  "," beta Aur"
134," beta Aur",s,89.88216666666665,44.94743333333333,"A1Vm",2.295,0.027,2.568,0.017,3.98,0.008,9200,200,"*  "," beta Aur"
93," V482 Per",p,63.922166666666655,47.422197222222216,"F2",1.51,0.05,2.39,0.04,3.861,0.02,6700,,"** "," V482 Per"
94," V482 Per",s,63.922166666666655,47.422197222222216,"F45",1.29,0.05,1.45,0.04,4.226,0.029,6340,18,"** "," V482 Per"
81," IQ Per",p,59.93616666666666,48.15124999999999,"B7.5V",3.513,0.04,2.465,0.03,4.2,0.012,12300,200,"*  "," IQ Per"
82," IQ Per",s,59.93616666666666,48.15124999999999,"A6V",1.733,0.02,1.509,0.02,4.32,0.013,7670,100,"*  "," IQ Per"
3," V342 And B",p,2.515333333333333,46.390499999999996," ",1.27,0.01,1.21,0.01,4.377,0.008,6395,,"*  "," HD 556B"
4," V342 And B",s,2.515333333333333,46.390499999999996," ",1.28,0.01,1.25,0.01,4.352,0.008,6200,30,"*  "," HD 556B"
25," CO And",p,17.853458333333332,46.96370555555555,"F8V",1.289,0.007,1.727,0.021,4.074,0.011,6140,130,"*  "," CO And"
26," CO And",s,17.853458333333332,46.96370555555555,"F8V",1.264,0.007,1.694,0.017,4.082,0.009,6170,130,"*  "," CO And"
17," V364 Cas",p,13.179208333333332,50.46948888888888,"A7V",1.684,0.107,1.97,0.01,4.076,0.028,7816,86,"***"," V364 Cas"
18," V364 Cas",s,13.179208333333332,50.46948888888888,"A7V",1.559,0.101,2.329,0.01,3.897,0.028,7780,86,"***"," V364 Cas"
7," MU Cas",p,3.964833333333333,60.43156666666666,"B5V",4.657,0.1,4.192,0.05,3.862,0.014,14750,500,"*  "," MU Cas"
8," MU Cas",s,3.964833333333333,60.43156666666666,"B5V",4.575,0.09,3.671,0.04,3.969,0.013,15100,500,"*  "," MU Cas"
9," GSC 4019 3345",p,5.689041666666666,62.3348611111111,"A4V",1.92,0.01,1.76,0.05,4.231,0.025,8600,310,"*  "," TYC 4019-3345-1"
10," GSC 4019 3345",s,5.689041666666666,62.3348611111111,"A4V",1.92,0.01,1.76,0.05,4.231,0.025,8600,570,"*  "," TYC 4019-3345-1"
57," V570 Per",p,47.39558333333333,48.62463888888888,"F3V",1.425,0.006,1.494,0.11,4.243,0.064,6842,25,"***"," V570 Per"
58," V570 Per",s,47.39558333333333,48.62463888888888,"F5V",1.328,0.006,1.354,0.11,4.298,0.071,6580,70,"***"," V570 Per"
59," IM Per",p,47.92629166666666,52.211722222222214,"A7",1.7831,0.0094,2.409,0.018,3.926,0.007,7580,150,"*  "," IM Per"
60," IM Per",s,47.92629166666666,52.211722222222214,"A7",1.7741,0.0097,2.366,0.017,3.939,0.007,7570,160,"*  "," IM Per"
41," V505 Per",p,35.303999999999995,54.510077777777774,"F5V",1.272,0.001,1.288,0.014,4.323,0.009,6512,21,"*  "," V505 Per"
42," V505 Per",s,35.303999999999995,54.510077777777774,"F5V",1.254,0.001,1.267,0.014,4.331,0.01,6462,12,"*  "," V505 Per"
39," V618 Per",p,34.79908333333333,57.111416666666656,"A2V",2.332,0.031,1.636,0.069,4.379,0.037,11000,1000,"** "," V618 Per"
40," V618 Per",s,34.79908333333333,57.111416666666656," ",1.558,0.025,1.318,0.069,4.391,0.046,8000,1000,"** "," V618 Per"
37," V615 Per",p,34.756541666666664,57.12202777777777,"B7V",4.075,0.055,2.292,0.141,4.328,0.054,15000,500,"***"," V615 Per"
38," V615 Per",s,34.756541666666664,57.12202777777777,"B7V",3.178,0.051,1.904,0.094,4.381,0.043,11000,500,"** "," V615 Per"
53," V799 Cas",p,46.364749999999994,61.65491388888888,"B8V",3.081,0.4,3.231,0.14,3.908,0.068,11550,14,"***"," V799 Cas"
54," V799 Cas",s,46.364749999999994,61.65491388888888,"B8.5V",2.97,0.4,3.201,0.14,3.901,0.07,11210,14,"***"," V799 Cas"
97," WW Cam",p,67.85533333333332,64.36263888888888,"A4Vm",1.92,0.013,1.913,0.016,4.158,0.008,8360,140,"*  "," WW Cam"
98," WW Cam",s,67.85533333333332,64.36263888888888,"A4Vm",1.873,0.018,1.81,0.014,4.196,0.008,8240,140,"*  "," WW Cam"
87," SZ Cam",p,61.95537499999999,62.33293888888888,"O9IV",16.59,0.62,9.36,0.07,3.716,0.017,30408,240,"** "," SZ Cam"
88," SZ Cam",s,61.95537499999999,62.33293888888888,"B0.5V",11.95,0.71,6.0,0.09,3.959,0.029,27319,300,"** "," SZ Cam"
117," AS Cam",p,82.44545833333332,69.49593333333333,"B8V",3.312,0.1,2.617,0.04,4.123,0.019,12000,600,"** "," AS Cam"
118," AS Cam",s,82.44545833333332,69.49593333333333,"B9.5V",2.508,0.1,1.993,0.04,4.239,0.025,10700,520,"** "," AS Cam"
69," GJ 3236",p,54.30866666666666,69.18049722222221,"M4V",0.375,0.016,0.383,0.006,4.846,0.023,3310,110,"** "," GJ 3236"
70," GJ 3236",s,54.30866666666666,69.18049722222221,"M4V",0.28,0.015,0.283,0.004,4.982,0.026,3241,108,"** "," GJ 3236"
43," DN Cas",p,35.79804166666666,60.830594444444436,"B0V",19.04,0.07,7.22,0.06,4.001,0.007,32100,1000,"*  "," DN Cas"
44," DN Cas",s,35.79804166666666,60.830594444444436,"B1V",13.73,0.05,5.79,0.06,4.051,0.009,28020,1100,"*  "," DN Cas"
27," V459 Cas",p,17.874666666666663,61.14665555555555,"A1V",2.015,0.03,2.01,0.013,4.136,0.009,9140,300,"*  "," V459 Cas"
28," V459 Cas",s,17.874666666666663,61.14665555555555,"A1V",1.962,0.03,1.966,0.013,4.144,0.009,9100,300,"*  "," V459 Cas"
13," YZ Cas",p,11.412833333333332,74.98807222222221,"A2m",2.263,0.012,2.525,0.011,3.989,0.004,9520,120,"*  "," YZ Cas"
14," YZ Cas",s,11.412833333333332,74.98807222222221,"F2V",1.325,0.007,1.331,0.006,4.312,0.005,6880,240,"*  "," YZ Cas"
71," EY Cep",p,55.01695833333333,81.0191861111111,"F0",1.524,0.008,1.463,0.01,4.291,0.006,7090,150,"*  "," EY Cep"
72," EY Cep",s,55.01695833333333,81.0191861111111,"F0",1.5,0.014,1.468,0.01,4.281,0.007,6970,150,"*  "," EY Cep"
15," NGC188 KR V12",p,13.156416666666665,85.17629166666666,"G",1.102,0.007,1.425,0.019,4.173,0.012,5900,100,"*  "," Cl* NGC 188 KS V12"
16," NGC188 KR V12",s,13.156416666666665,85.17629166666666,"G",1.08,0.007,1.374,0.019,4.196,0.012,5875,100,"*  "," Cl* NGC 188 KS V12"
197," CU Cnc",p,127.90658333333332,19.39429722222222,"M3.5Ve",0.427,0.002,0.433,0.005,4.796,0.01,3160,150,"*  "," CU Cnc"
198," CU Cnc",s,127.90658333333332,19.39429722222222,"M3.5Ve",0.394,0.001,0.392,0.009,4.847,0.02,3125,150,"*  "," CU Cnc"
187," NSVS 07394765",p,126.46374999999998,24.451416666666663,"M2V",0.36,0.005,0.463,0.004,4.663,0.01,3300,200,"2  "," NSVS 07394765"
188," NSVS 07394765",s,126.46374999999998,24.451416666666663,"M4V",0.18,0.004,0.496,0.005,4.303,0.013,3106,125,"2  "," NSVS 07394765"
237," UW LMi",p,160.8758333333333,28.685855555555552,"F8V",1.156,0.022,1.269,0.052,4.294,0.037,6500,250,"** "," UW LMi"
238," UW LMi",s,160.8758333333333,28.685855555555552,"F8V",1.136,0.022,1.248,0.062,4.301,0.044,6500,250,"** "," UW LMi"
249," MW UMa",p,175.75949999999997,60.57684444444443,"F6V",1.257,0.095,1.258,0.01,4.338,0.034,6514,130,"***"," MW UMa"
250," MW UMa",s,175.75949999999997,60.57684444444443,"F9V",1.124,0.091,1.138,0.01,4.377,0.036,6112,22,"***"," MW UMa"
173," YY Gem",p,113.65587499999998,31.86938611111111,"M1Ve",0.598,0.005,0.621,0.006,4.629,0.009,3820,100,"*  "," YY Gem"
174," YY Gem",s,113.65587499999998,31.86938611111111,"M1Ve",0.601,0.005,0.605,0.006,4.654,0.009,3820,100,"*  "," YY Gem"
195," HD 71636",p,127.48462499999998,37.07096666666666,"F2V",1.53,0.009,1.576,0.009,4.228,0.006,6950,140,"*  "," HD 71636"
196," HD 71636",s,127.48462499999998,37.07096666666666,"F5V",1.299,0.007,1.365,0.008,4.282,0.006,6440,140,"*  "," HD 71636"
183," CN Lyn",p,120.40499999999999,38.74955555555555,"F3V",1.038,0.02,1.799,0.21,3.944,0.102,6500,250,"2  "," CN Lyn"
184," CN Lyn",s,120.40499999999999,38.74955555555555,"F4V",1.038,0.02,1.839,0.24,3.925,0.114,6455,260,"2  "," CN Lyn"
155," GX Gem",p,101.53804166666666,34.414674999999995,"F7V",1.488,0.011,2.334,0.012,3.875,0.006,6194,100,"*  "," GX Gem"
156," GX Gem",s,101.53804166666666,34.414674999999995,"F7V",1.467,0.01,2.244,0.012,3.903,0.006,6166,100,"*  "," GX Gem"
159," HS Aur",p,102.82695833333332,47.67337777777777,"G8V",0.898,0.019,1.005,0.023,4.387,0.022,5350,70,"*  "," HS Aur"
160," HS Aur",s,102.82695833333332,47.67337777777777,"K0V",0.877,0.017,0.874,0.03,4.498,0.031,5200,72,"** "," HS Aur"
143," RR Lyn",p,96.60766666666666,56.28509722222221,"A6IV",1.931,0.008,2.557,0.02,3.909,0.007,7570,100,"*  "," RR Lyn"
144," RR Lyn",s,96.60766666666666,56.28509722222221,"F0V",1.517,0.004,1.582,0.03,4.221,0.017,6980,100,"*  "," RR Lyn"
213," XY UMa",p,137.48308333333333,54.48825277777777,"G9V",1.097,0.073,1.161,0.02,4.349,0.033,5200,7,"***"," XY UMa"
214," XY UMa",s,137.48308333333333,54.48825277777777,"K7V",0.665,0.031,0.63,0.01,4.662,0.024,4125,7,"** "," XY UMa"
207," NSVS 02502726",p,131.046,54.39647777777777,"K3V",0.689,0.016,0.707,0.007,4.578,0.013,4295,200,"*  "," NSVS 02502726"
208," NSVS 02502726",s,131.046,54.39647777777777,"M2V",0.341,0.009,0.657,0.008,4.336,0.016,3812,200,"2  "," NSVS 02502726"
227," ZZ UMa",p,157.51329166666665,61.81150555555555,"F8V",1.179,0.013,1.518,0.023,4.147,0.014,5903,60,"*  "," ZZ UMa"
228," ZZ UMa",s,157.51329166666665,61.81150555555555,"G6V",0.96,0.01,1.158,0.013,4.293,0.011,5097,60,"*  "," ZZ UMa"
243," LSPM J1112+7626",p,168.1763333333333,76.44899999999998,"M4V",0.395,0.002,0.381,0.005,4.873,0.012,3061,162,"*  "," LSPM J1112+7626"
244," LSPM J1112+7626",s,168.1763333333333,76.44899999999998,"M",0.274,0.001,0.3,0.005,4.922,0.015,2952,163,"*  "," LSPM J1112+7626"
191," AY Cam",p,126.46579166666665,77.21856944444443,"A8V",1.947,0.041,2.784,0.02,3.838,0.011,7250,100,"*  "," AY Cam"
192," AY Cam",s,126.46579166666665,77.21856944444443,"F0V",1.707,0.036,2.034,0.015,4.054,0.011,7395,100,"*  "," AY Cam"
153," SV Cam",p,100.32945833333332,82.26733888888887,"F5V",1.575,0.064,1.47,0.053,4.301,0.036,6038,58,"** "," SV Cam"
154," SV Cam",s,100.32945833333332,82.26733888888887,"K4V",0.934,0.064,1.001,0.064,4.408,0.063,4804,143,"***"," SV Cam"
289," alpha CrB",p,233.6719583333333,26.71469444444444,"A0V",2.581,0.045,3.059,0.302,3.879,0.086,9700,200,"***"," alpha CrB"
290," alpha CrB",s,233.6719583333333,26.71469444444444,"G5V",0.922,0.025,0.906,0.04,4.489,0.04,5800,300,"** "," alpha CrB"
279," AD Boo",p,218.80324999999996,24.639263888888884,"F6V",1.414,0.009,1.614,0.014,4.173,0.008,6575,120,"*  "," AD Boo"
280," AD Boo",s,218.80324999999996,24.639263888888884,"G0V",1.209,0.006,1.218,0.01,4.349,0.007,6145,120,"*  "," AD Boo"
291," RT CrB",p,234.51262499999996,29.487208333333328,"G5IV",1.344,0.01,4.256,0.074,3.309,0.015,5134,100,"2  "," RT CrB"
292," RT CrB",s,234.51262499999996,29.487208333333328,"K0IV",1.359,0.009,3.778,0.064,3.417,0.015,5781,100,"2  "," RT CrB"
283," GU Boo",p,230.47987499999996,33.93449999999999,"M0",0.609,0.007,0.628,0.016,4.627,0.023,3920,130,"*  "," GU Boo"
284," GU Boo",s,230.47987499999996,33.93449999999999,"M1.5",0.599,0.006,0.625,0.02,4.624,0.028,3810,130,"** "," GU Boo"
331," TX Her",p,259.65187499999996,41.88808333333333,"A5V",1.607,0.04,1.688,0.03,4.19,0.019,7534,200,"*  "," TX Her"
332," TX Her",s,259.65187499999996,41.88808333333333,"F0V",1.441,0.03,1.428,0.03,4.288,0.02,6678,211,"*  "," TX Her"
287," CV Boo",p,231.58141666666663,36.98150833333333,"G3V",1.045,0.013,1.269,0.023,4.251,0.017,5760,150,"*  "," CV Boo"
288," CV Boo",s,231.58141666666663,36.98150833333333,"G4V",0.995,0.012,1.18,0.023,4.292,0.018,5670,150,"*  "," CV Boo"
315," 2MASS J16502074+4639013",p,252.5864583333333,46.650388888888884,"M3Ve",0.49,0.003,0.907,0.12,4.213,0.115,3500,,"2  "," 2MASS J16502074+4639013"
316," 2MASS J16502074+4639013",s,252.5864583333333,46.650388888888884,"M3Ve",0.486,0.003,0.905,0.1,4.212,0.096,3395,,"2  "," 2MASS J16502074+4639013"
311," CM Dra",p,248.58504166666663,57.162205555555545,"M4.5V",0.231,0.001,0.253,0.001,4.996,0.004,3130,70,"*  "," CM Dra"
312," CM Dra",s,248.58504166666663,57.162205555555545,"M54.5V",0.214,0.001,0.239,0.001,5.012,0.004,3120,70,"*  "," CM Dra"
267," ZZ Boo",p,209.03966666666665,25.918711111111108,"F3V",1.616,0.01,2.164,0.07,3.976,0.028,6860,20,"** "," ZZ Boo"
268," ZZ Boo",s,209.03966666666665,25.918711111111108,"F3V",1.568,0.01,2.164,0.07,3.963,0.028,6930,20,"** "," ZZ Boo"
521," EE Peg",p,325.0078333333333,9.184752777777776,"A3mV",2.151,0.02,2.103,0.03,4.125,0.013,8700,200,"*  "," EE Peg"
522," EE Peg",s,325.0078333333333,9.184752777777776,"F5V",1.332,0.01,1.321,0.01,4.321,0.007,6450,300,"*  "," EE Peg"
495," MP Del",p,307.11070833333326,11.720699999999999,"A7V",1.559,0.085,2.429,0.046,3.86,0.029,7400,120,"** "," MP Del"
496," MP Del",s,307.11070833333326,11.720699999999999,"F3V",1.248,0.074,1.576,0.03,4.139,0.031,6927,120,"** "," MP Del"
525," OO Peg",p,325.4070833333333,14.658541666666665,"A7V",1.82,0.02,2.21,0.01,4.01,0.006,7850,350,"*  "," OO Peg"
526," OO Peg",s,325.4070833333333,14.658541666666665,"A8V",1.77,0.02,1.96,0.01,4.102,0.007,7600,450,"*  "," OO Peg"
489," BP Vul",p,306.38854166666664,21.038324999999997,"A7mV",1.737,0.015,1.853,0.014,4.142,0.008,7709,150,"*  "," BP Vul"
490," BP Vul",s,306.38854166666664,21.038324999999997,"F2mV",1.408,0.009,1.489,0.014,4.241,0.009,6823,150,"*  "," BP Vul"
487," V399 Vul",p,306.29499999999996,21.488566666666664,"B3IV-V",7.55,0.08,6.498,0.033,3.691,0.006,19000,320,"*  "," V399 Vul"
488," V399 Vul",s,306.29499999999996,21.488566666666664,"B4V",5.44,0.03,3.506,0.089,4.084,0.022,18250,520,"*  "," V399 Vul"
513," ER Vul",p,315.6079583333333,27.80734444444444,"F9V",1.093,0.07,1.161,0.06,4.347,0.053,6000,52,"***"," ER Vul"
514," ER Vul",s,315.6079583333333,27.80734444444444,"G9V",1.055,0.06,1.181,0.14,4.317,0.106,5883,52,"***"," ER Vul"
493," V442 Cyg",p,306.9679166666666,30.79119444444444,"F1V",1.56,0.02,2.072,0.03,3.999,0.014,6900,82,"*  "," V442 Cyg"
494," V442 Cyg",s,306.9679166666666,30.79119444444444,"F2V",1.407,0.02,1.662,0.03,4.145,0.017,6808,79,"*  "," V442 Cyg"
511," CG Cyg",p,314.5560416666666,35.17490555555555,"G9V",0.948,0.012,0.896,0.013,4.511,0.014,5260,185,"*  "," CG Cyg"
512," CG Cyg",s,314.5560416666666,35.17490555555555,"K3V",0.821,0.013,0.846,0.014,4.498,0.016,4720,66,"*  "," CG Cyg"
509," Y Cyg",p,313.01491666666664,34.65763055555555,"O9.5",17.72,0.35,5.785,0.091,4.162,0.016,33200,200,"*  "," Y Cyg"
510," Y Cyg",s,313.01491666666664,34.65763055555555,"O9.5V",17.73,0.3,5.816,0.063,4.158,0.012,33521,40,"*  "," Y Cyg"
581," AP And",p,357.3779583333333,45.7892361111111,"F6",1.277,0.0044,1.2335,0.0062,4.362,0.005,6565,150,"*  "," AP And"
582," AP And",s,357.3779583333333,45.7892361111111,"F8",1.251,0.0042,1.1954,0.0053,4.381,0.004,6495,150,"*  "," AP And"
551," V364 Lac",p,343.0617083333333,38.74573333333333,"A8Vm",2.334,0.015,3.308,0.038,3.767,0.01,8250,150,"*  "," V364 Lac"
552," V364 Lac",s,343.0617083333333,38.74573333333333,"A1Vm",2.296,0.025,2.986,0.035,3.849,0.011,8500,150,"*  "," V364 Lac"
577," IT Cas",p,355.50583333333327,51.743555555555545,"F6V",1.33,0.009,1.603,0.015,4.152,0.009,6470,110,"*  "," IT Cas"
578," IT Cas",s,355.50583333333327,51.743555555555545,"F6V",1.328,0.008,1.569,0.04,4.17,0.022,6470,110,"*  "," IT Cas"
585," V821 Cas",p,359.70487499999996,53.672172222222216,"A1.5V",2.025,0.066,2.308,0.028,4.018,0.018,9400,400,"** "," V821 Cas"
586," V821 Cas",s,359.70487499999996,53.672172222222216,"A4Vm",1.62,0.058,1.39,0.022,4.362,0.021,8600,400,"** "," V821 Cas"
537," CM Lac",p,330.01854166666664,44.55214999999999,"A2V",1.971,0.06,1.509,0.03,4.376,0.022,8700,300,"** "," CM Lac"
538," CM Lac",s,330.01854166666664,44.55214999999999,"A8V",1.503,0.1,1.549,0.03,4.235,0.033,7034,270,"***"," CM Lac"
547," RW Lac",p,341.2379166666666,49.65765833333332,"G5V",0.928,0.006,1.193,0.004,4.253,0.004,5760,100,"*  "," RW Lac"
548," RW Lac",s,341.2379166666666,49.65765833333332,"F7V",0.87,0.004,0.97,0.004,4.404,0.004,5560,150,"*  "," RW Lac"
563," RT And",p,347.79208333333327,53.02584444444444,"F8V",1.24,0.03,1.268,0.015,4.326,0.015,6095,214,"*  "," RT And"
564," RT And",s,347.79208333333327,53.02584444444444,"K3V",0.907,0.02,0.906,0.013,4.482,0.016,4732,110,"*  "," RT And"
539," V398 Lac",p,331.8017083333333,52.635683333333326,"B9V",3.834,0.35,4.893,0.18,3.643,0.051,11000,500,"***"," V398 Lac"
540," V398 Lac",s,331.8017083333333,52.635683333333326,"B9V",3.291,0.32,2.452,0.11,4.177,0.057,10900,450,"***"," V398 Lac"
565," V396 Cas",p,348.3999166666666,56.7381111111111,"A1V",2.397,0.022,2.592,0.013,3.991,0.006,9225,150,"*  "," V396 Cas"
566," V396 Cas",s,348.3999166666666,56.7381111111111,"A3V",1.901,0.016,1.779,0.01,4.217,0.006,8550,120,"*  "," V396 Cas"
571," AR Cas",p,352.5080833333333,58.54891944444444,"B4V",5.902,0.2,5.064,0.06,3.8,0.018,17200,500,"** "," AR Cas"
572," AR Cas",s,352.5080833333333,58.54891944444444,"A6V",1.869,0.06,1.604,0.03,4.3,0.021,8150,200,"** "," AR Cas"
561," PV Cas",p,347.51075,59.20170833333332,"B9.5V",2.757,0.06,2.257,0.016,4.172,0.011,10188,250,"*  "," PV Cas"
562," PV Cas",s,347.51075,59.20170833333332,"B9.5V",2.816,0.05,2.298,0.021,4.165,0.011,10205,250,"*  "," PV Cas"
553," V453 Cep",p,343.1908333333333,60.916280555555545,"B9V",2.575,0.05,2.112,0.201,4.2,0.083,10300,500,"***"," V453 Cep"
554," V453 Cep",s,343.1908333333333,60.916280555555545,"B9V",2.478,0.05,2.011,0.201,4.226,0.087,10400,500,"***"," V453 Cep"
575," V731 Cep",p,354.4314583333333,64.30311111111111,"B8.5V",2.577,0.098,1.823,0.03,4.328,0.022,10700,200,"** "," V731 Cep"
576," V731 Cep",s,354.4314583333333,64.30311111111111,"A1.5V",2.017,0.084,1.717,0.025,4.274,0.022,9265,220,"** "," V731 Cep"
471," V477 Cyg",p,301.365375,31.971697222222218,"A3V",1.772,0.119,1.58,0.05,4.289,0.04,8700,300,"***"," V477 Cyg"
472," V477 Cyg",s,301.365375,31.971697222222218,"F2V",1.329,0.069,1.278,0.04,4.349,0.035,6700,235,"** "," V477 Cyg"
437," V885 Cyg",p,293.20775,30.02139722222222,"A3Vm",2.0,0.029,2.487,0.013,3.948,0.008,8375,150,"*  "," V885 Cyg"
438," V885 Cyg",s,293.20775,30.02139722222222,"A4mV",2.228,0.026,3.591,0.028,3.676,0.008,8150,150,"*  "," V885 Cyg"
455," V541 Cyg",p,295.62270833333326,31.32783333333333,"B9.5V",2.335,0.017,1.859,0.012,4.268,0.006,10650,200,"*  "," V541 Cyg"
456," V541 Cyg",s,295.62270833333326,31.32783333333333,"B9.5V",2.26,0.016,1.808,0.015,4.278,0.008,10350,200,"*  "," V541 Cyg"
441," WTS 19b-2-01387",p,293.5645833333333,36.47425,"M",0.498,0.019,0.496,0.013,4.745,0.028,3498,100,"** "," WTS 19b-2-01387"
442," WTS 19b-2-01387",s,293.5645833333333,36.47425,"M",0.481,0.017,0.479,0.013,4.76,0.028,3436,100,"** "," WTS 19b-2-01387"
443," WTS 19c-3-01405",p,294.16958333333326,36.712777777777774,"M",0.41,0.023,0.398,0.019,4.851,0.048,3309,130,"** "," WTS 19c-3-01405"
444," WTS 19c-3-01405",s,294.16958333333326,36.712777777777774,"M",0.376,0.024,0.393,0.019,4.825,0.05,3305,130,"***"," WTS 19c-3-01405"
423," V568 Lyr",p,290.22624999999994,37.75963888888889,"G5V",1.0886,0.0031,1.4203,0.0058,4.17,0.004,5645,95,"*  "," V568 Lyr"
424," V568 Lyr",s,290.22624999999994,37.75963888888889,"K3V",0.8292,0.0026,0.7997,0.0015,4.551,0.002,4734,80,"*  "," V568 Lyr"
421," V565 Lyr",p,290.2045833333333,37.76924999999999," ",0.995,0.003,1.101,0.007,4.353,0.006,5600,95,"*  "," V565 Lyr"
422," V565 Lyr",s,290.2045833333333,37.76924999999999," ",0.929,0.003,0.971,0.009,4.432,0.008,5430,125,"*  "," V565 Lyr"
435," WTS 19e-3-08413",p,293.17999999999995,36.614861111111104,"M",0.463,0.025,0.48,0.022,4.741,0.046,3506,140,"** "," WTS 19e-3-08413"
436," WTS 19e-3-08413",s,293.17999999999995,36.614861111111104,"M",0.351,0.019,0.375,0.02,4.836,0.052,3338,140,"** "," WTS 19e-3-08413"
419," KIC 3230227",p,290.112625,38.399849999999994,"AV",1.84,0.18,2.01,0.09,4.097,0.058,8000,30,"***"," KIC 3230227"
420," KIC 3230227",s,290.112625,38.399849999999994,"AV",1.73,0.17,1.68,0.08,4.226,0.059,8177,30,"***"," KIC 3230227"
417," TYC 3121-1659-1",p,289.76824999999997,38.6825,"F3",1.37,0.23,1.6,0.09,4.167,0.088,6700,150,"1  "," TYC 3121-1659-1"
418," TYC 3121-1659-1",s,289.76824999999997,38.6825,"M3",0.32,0.04,0.86,0.06,4.074,0.081,3170,150,"2  "," TYC 3121-1659-1"
485," MY Cyg",p,305.014125,33.943061111111106,"A7 m",1.805,0.03,2.215,0.02,4.004,0.011,7050,200,"*  "," MY Cyg"
486," MY Cyg",s,305.014125,33.943061111111106,"A5 m",1.794,0.03,2.275,0.02,3.978,0.011,7000,200,"*  "," MY Cyg"
473," V453 Cyg",p,301.6457083333333,35.74063333333333,"B0.4IV",14.377,0.2,8.564,0.055,3.731,0.008,26600,500,"*  "," V453 Cyg"
474," V453 Cyg",s,301.6457083333333,35.74063333333333,"B0.7IV",11.119,0.13,5.497,0.063,4.004,0.011,25500,800,"*  "," V453 Cyg"
475," V2107 Cyg",p,302.1907083333333,37.237044444444436,"B1III",8.9,2.0,7.4,0.6,3.649,0.12,22500,1500,"1  "," V2107 Cyg"
476," V2107 Cyg",s,302.1907083333333,37.237044444444436," ",4.5,1.3,2.4,0.3,4.331,0.166,15200,1600,"1  "," V2107 Cyg"
483," V478 Cyg",p,304.9114583333333,38.33588888888888,"O9.5V",16.628,0.902,7.478,0.121,3.912,0.027,30550,1070,"** "," V478 Cyg"
484," V478 Cyg",s,304.9114583333333,38.33588888888888,"O9.5V",16.277,0.899,7.478,0.121,3.902,0.028,30550,1070,"** "," V478 Cyg"
491," V443 Cyg",p,306.94016666666664,38.689947222222216,"F2/3V",1.2,0.2,1.3,0.2,4.29,0.152,6700,350,"1  "," V443 Cyg"
492," V443 Cyg",s,306.94016666666664,38.689947222222216,"F8V",1.1,0.3,1.1,0.2,4.397,0.197,6200,550,"1  "," V443 Cyg"
497," V456 Cyg",p,307.2118333333333,39.15380277777777,"A7V",1.86,0.06,1.68,0.02,4.257,0.017,7750,100,"** "," V456 Cyg"
498," V456 Cyg",s,307.2118333333333,39.15380277777777,"F3V",1.58,0.05,1.47,0.02,4.302,0.018,6755,400,"** "," V456 Cyg"
501," MT91 372",p,308.24549999999994,41.074999999999996,"B1V",13.0,0.7,4.94,0.04,4.165,0.024,24000,3000,"** "," MT91 372"
502," MT91 372",s,308.24549999999994,41.074999999999996,"B5V",5.7,0.4,3.34,0.06,4.147,0.034,16600,2300,"***"," MT91 372"
503," MT91 696",p,308.4980416666666,41.293188888888885,"O9.5",15.0,0.2,6.36,0.03,4.008,0.007,32000,600,"*  "," MT91 696"
504," MT91 696",s,308.4980416666666,41.293188888888885,"B0.5V",12.1,0.8,5.72,0.02,4.006,0.029,30940,1050,"***"," MT91 696"
457," V380 Cyg",p,297.65554166666664,40.59975833333333,"B1.5 II-III",11.43,0.19,15.71,0.13,3.104,0.01,21700,300,"2  "," V380 Cyg"
458," V380 Cyg",s,297.65554166666664,40.59975833333333,"B2V",7.0,0.14,3.819,0.048,4.12,0.014,22700,1200,"*  "," V380 Cyg"
463," Kepler 1647B",p,298.15008333333327,40.656166666666664," ",1.221,0.011,1.79,0.006,4.019,0.005,6210,100,"2  "," Kepler 1647B"
464," Kepler 1647B",s,298.15008333333327,40.656166666666664," ",0.968,0.004,0.966,0.006,4.454,0.005,5770,125,"*  "," Kepler 1647B"
403," KIC 5738698",p,299.71979166666665,40.90396111111111,"F",1.39,0.04,1.85,0.02,4.047,0.016,6792,,"*  "," KIC 5738698"
404," KIC 5738698",s,299.71979166666665,40.90396111111111,"F",1.34,0.06,1.71,0.02,4.099,0.022,6739,51,"** "," KIC 5738698"
453," WOCS 40007",p,295.391375,40.21676944444444," ",1.236,0.02,1.399,0.007,4.239,0.008,6350,150,"*  "," [HGM2009b] WOCS 40007"
454," WOCS 40007",s,295.391375,40.21676944444444," ",1.086,0.018,1.098,0.004,4.393,0.008,5930,150,"*  "," [HGM2009b] WOCS 40007"
451," WOCS 24009",p,295.24091666666664,40.15761111111111," ",1.089,0.018,1.099,0.006,4.393,0.009,5925,,"*  "," [HGM2009b] WOCS 24009"
452," WOCS 24009",s,295.24091666666664,40.15761111111111," ",1.076,0.016,1.069,0.013,4.412,0.012,5855,,"*  "," [HGM2009b] WOCS 24009"
445," KIC 6131659",p,294.2790833333333,41.43690555555555," ",0.922,0.007,0.88,0.003,4.514,0.004,5660,140,"*  "," KIC 6131659"
446," KIC 6131659",s,294.2790833333333,41.43690555555555," ",0.685,0.005,0.64,0.006,4.662,0.009,4780,105,"*  "," KIC 6131659"
481," TYC 3576-2035-1",p,303.84141666666665,48.28726111111111,"F8IV-V",1.059,0.032,1.989,0.022,3.866,0.016,6250,100,"2  "," TYC 3576-2035-1"
482," TYC 3576-2035-1",s,303.84141666666665,48.28726111111111,"M4V",0.342,0.017,0.457,0.013,4.653,0.033,2940,120,"2  "," TYC 3576-2035-1"
465," V2094 Cyg",p,298.8002083333333,46.66556388888888,"A5",1.79,0.11,2.47,0.07,3.906,0.036,7250,480,"***"," V2094 Cyg"
466," V2094 Cyg",s,298.8002083333333,46.66556388888888,"G5",0.83,0.12,0.67,0.05,4.705,0.09,5050,650,"***"," V2094 Cyg"
467," KIC 9851944",p,299.0405416666666,46.66116388888888," ",1.76,0.07,2.27,0.03,3.972,0.021,7026,100,"** "," KIC 9851944"
468," KIC 9851944",s,299.0405416666666,46.66116388888888," ",1.79,0.07,3.19,0.04,3.684,0.02,6902,100,"** "," KIC 9851944"
459," KIC 10935310",p,297.91591666666665,48.332049999999995,"G6",0.68,0.045,0.799,0.017,4.466,0.034,5560,160,"3  "," KIC 10935310"
460," KIC 10935310",s,297.91591666666665,48.332049999999995,"M3V",0.376,0.017,0.3475,0.0081,4.932,0.028,3460,210,"** "," KIC 10935310"
407," KIC 4544587",p,285.886375,39.68341944444444," ",1.98,0.07,1.82,0.03,4.215,0.021,8600,100,"** "," KIC 4544587"
408," KIC 4544587",s,285.886375,39.68341944444444," ",1.61,0.06,1.58,0.03,4.248,0.023,7750,180,"** "," KIC 4544587"
391," KIC 7177553",p,283.01212499999997,42.72125555555555,"G2V",1.043,0.014,0.94,0.005,4.51,0.007,5800,130,"*  "," KIC 7177553"
392," KIC 7177553",s,283.01212499999997,42.72125555555555,"G2V",0.986,0.015,0.941,0.005,4.485,0.008,5740,140,"*  "," KIC 7177553"
447," KIC 9777062",p,294.46079166666664,46.58976388888888," ",1.603,0.022,1.744,0.006,4.16,0.007,7700,250,"*  "," KIC 9777062"
448," KIC 9777062",s,294.46079166666664,46.58976388888888," ",1.419,0.011,1.544,0.004,4.213,0.004,7106,255,"*  "," KIC 9777062"
433," V2083 Cyg",p,292.8181666666666,47.48117777777777,"A5",2.159,0.139,2.293,0.184,4.052,0.075,7630,,"***"," V2083 Cyg"
434," V2083 Cyg",s,292.8181666666666,47.48117777777777,"A5",2.105,0.114,2.65,0.216,3.915,0.075,7623,45,"***"," V2083 Cyg"
429," V2080 Cyg",p,291.6997916666666,50.14549166666666,"F4V",1.19,0.017,1.596,0.008,4.108,0.008,6000,75,"*  "," V2080 Cyg"
430," V2080 Cyg",s,291.6997916666666,50.14549166666666,"F4V",1.156,0.017,1.599,0.008,4.094,0.008,5987,75,"2  "," V2080 Cyg"
415," FL Lyr",p,288.02025,46.32413055555555,"F8V",1.218,0.016,1.282,0.03,4.308,0.021,6150,100,"*  "," FL Lyr"
416," FL Lyr",s,288.02025,46.32413055555555,"G8V",0.958,0.011,0.962,0.03,4.453,0.028,5300,95,"** "," FL Lyr"
411," 2MASS J19071662+4639532",p,286.81924999999995,46.66478055555555,"K5V",0.679,0.01,0.634,0.043,4.666,0.059,4150,,"***"," 2MASS J19071662+4639532"
412," 2MASS J19071662+4639532",s,286.81924999999995,46.66478055555555,"M0V",0.523,0.006,0.525,0.052,4.717,0.086,3700,,"***"," 2MASS J19071662+4639532"
449," V1143 Cyg",p,294.6715833333333,54.97379444444444,"F5V",1.388,0.016,1.347,0.023,4.322,0.016,6460,100,"*  "," V1143 Cyg"
450," V1143 Cyg",s,294.6715833333333,54.97379444444444,"F5V",1.344,0.013,1.324,0.023,4.323,0.016,6400,100,"*  "," V1143 Cyg"
397," HP Dra",p,283.7228333333333,51.308274999999995,"F9V",1.056,0.005,1.34,0.012,4.208,0.008,6000,150,"*  "," HP Dra"
398," HP Dra",s,283.7228333333333,51.308274999999995,"F9V",1.024,0.007,1.028,0.01,4.425,0.009,5895,150,"*  "," HP Dra"
515," V1061 Cyg",p,316.83549999999997,52.0495611111111,"F9V",1.281,0.015,1.616,0.017,4.129,0.01,6180,100,"*  "," V1061 Cyg"
516," V1061 Cyg",s,316.83549999999997,52.0495611111111,"G8V",0.931,0.007,0.974,0.02,4.43,0.018,5300,150,"*  "," V1061 Cyg"
507," V379 Cep",p,310.80574999999993,57.11399722222222," ",10.873,0.237,7.986,0.121,3.67,0.016,22025,428,"*  "," V379 Cep"
508," V379 Cep",s,310.80574999999993,57.11399722222222," ",6.233,0.133,3.07,0.04,4.259,0.015,20206,374,"*  "," V379 Cep"
533," V497 Cep",p,328.36062499999997,62.58698888888888,"B3V",6.473,0.432,3.713,0.03,4.11,0.03,19500,400,"***"," V497 Cep"
534," V497 Cep",s,328.36062499999997,62.58698888888888,"B5V",5.0,0.371,2.938,0.03,4.201,0.033,17756,405,"***"," V497 Cep"
543," WX Cep",p,337.81575,63.52265277777777,"A5V",2.324,0.046,3.997,0.03,3.601,0.011,8150,225,"*  "," WX Cep"
544," WX Cep",s,337.81575,63.52265277777777,"A2V",2.533,0.049,2.708,0.025,3.977,0.012,8872,250,"*  "," WX Cep"
555," NY Cep",p,344.6658333333333,63.077147222222216,"B0.5V",13.152,1.012,6.843,0.704,3.887,0.095,28500,1000,"***"," NY Cep"
556," NY Cep",s,344.6658333333333,63.077147222222216,"B2V",9.323,1.036,5.434,0.503,3.938,0.094,23100,1000,"***"," NY Cep"
559," CW Cep",p,346.00924999999995,63.39687777777777,"B0.5V",11.797,0.14,5.524,0.121,4.026,0.02,28300,1000,"*  "," CW Cep"
560," CW Cep",s,346.00924999999995,63.39687777777777,"B0.5V",11.067,0.14,5.03,0.121,4.079,0.022,27700,1000,"*  "," CW Cep"
549," AH Cep",p,341.9705833333333,65.06216666666666,"B0.5V",15.565,0.202,6.385,0.11,4.02,0.016,29900,1000,"*  "," AH Cep"
550," AH Cep",s,341.9705833333333,65.06216666666666,"B0.5V",13.714,0.202,5.864,0.13,4.039,0.02,28600,1000,"*  "," AH Cep"
529," V375 Cep",p,326.2280833333333,65.73202777777777," ",1.288,0.017,1.623,0.006,4.128,0.007,6230,50,"*  "," V375 Cep"
530," V375 Cep",s,326.2280833333333,65.73202777777777," ",0.871,0.008,0.897,0.003,4.473,0.005,5151,50,"*  "," V375 Cep"
527," NGC 7142 V2",p,326.1234166666666,65.81219444444443," ",1.377,0.009,1.616,0.005,4.16,0.004,6238,52,"*  "," [SSS2011b] V2"
528," NGC 7142 V2",s,326.1234166666666,65.81219444444443," ",1.377,0.009,1.613,0.005,4.162,0.004,6276,63,"*  "," [SSS2011b] V2"
523," EK Cep",p,325.33962499999996,69.69280833333332,"A2V",2.024,0.02,1.579,0.015,4.348,0.009,9000,200,"*  "," EK Cep"
524," EK Cep",s,325.33962499999996,69.69280833333332,"G5Vp",1.122,0.01,1.315,0.015,4.25,0.011,5700,190,"*  "," EK Cep"
531," VZ Cep",p,327.54641666666663,71.44397222222221,"F3V",1.376,0.027,1.622,0.019,4.157,0.013,6700,,"*  "," VZ Cep"
532," VZ Cep",s,327.54641666666663,71.44397222222221,"G4V",1.073,0.023,0.934,0.025,4.528,0.025,5630,30,"*  "," VZ Cep"
427," UZ Dra",p,291.47937499999995,68.93531944444443,"F7V",1.345,0.02,1.311,0.03,4.332,0.021,6210,110,"*  "," UZ Dra"
428," UZ Dra",s,291.47937499999995,68.93531944444443,"G0V",1.236,0.02,1.15,0.02,4.409,0.017,5985,110,"*  "," UZ Dra"
389," BF Dra",p,282.7472916666666,69.88263333333332,"F6V",1.413,0.003,2.999,0.017,3.635,0.005,6360,150,"2  "," BF Dra"
390," BF Dra",s,282.7472916666666,69.88263333333332,"F6V",1.374,0.003,2.763,0.017,3.694,0.005,6400,150,"2  "," BF Dra"
517," EI Cep",p,322.1175416666666,76.40349722222221,"F3IV",1.772,0.007,2.898,0.048,3.763,0.014,6750,100,"*  "," EI Cep"
518," EI Cep",s,322.1175416666666,76.40349722222221,"F1V",1.68,0.006,2.33,0.044,3.929,0.016,6950,100,"*  "," EI Cep"
469," BS Dra",p,299.119875,73.61597777777777,"F5V",1.36,0.083,1.442,0.022,4.254,0.03,6618,153,"***"," BS Dra"
470," BS Dra",s,299.119875,73.61597777777777,"F5V",1.358,0.098,1.423,0.072,4.265,0.054,6626,153,"***"," BS Dra"
479," TYC 4589-2999-1",p,303.7509583333333,76.9050861111111,"G1.5V",1.815,0.101,2.011,0.04,4.09,0.03,5830,40,"** "," TYC 4589-2999-1"
480," TYC 4589-2999-1",s,303.7509583333333,76.9050861111111,"K4V",0.838,0.105,0.846,0.02,4.507,0.058,4616,116,"***"," TYC 4589-2999-1"
583," AL Scl",p,358.8190833333333,-31.921466666666664,"B6V",3.617,0.11,3.241,0.05,3.975,0.019,13550,350,"** "," AL Scl"
584," AL Scl",s,358.8190833333333,-31.921466666666664,"B9V",1.703,0.04,1.401,0.02,4.377,0.016,10300,360,"*  "," AL Scl"
573," BQ Aqr",p,354.0372083333333,-16.468963888888887," ",1.49,0.04,2.072,0.14,3.979,0.06,6390,230,"***"," BQ Aqr"
574," BQ Aqr",s,354.0372083333333,-16.468963888888887,"K0III",1.588,0.21,6.53,0.28,3.009,0.068,4490,230,"2  "," BQ Aqr"
33," 2MASS J01542930+0053266",p,28.622124999999997,0.8907222222222221,"M0V",0.515,0.023,0.601,0.078,4.592,0.114,3800,,"2  "," 2MASS J01542930+0053266"
34," 2MASS J01542930+0053266",s,28.622124999999997,0.8907222222222221,"M3V",0.548,0.025,0.574,0.087,4.659,0.133,3600,,"1  "," 2MASS J01542930+0053266"
31," UV Psc",p,19.229666666666663,6.811699999999999,"G5V",0.983,0.009,1.117,0.02,4.335,0.016,5780,100,"*  "," UV Psc"
32," UV Psc",s,19.229666666666663,6.811699999999999,"K3V",0.764,0.005,0.835,0.03,4.478,0.031,4750,80,"** "," UV Psc"
541," BW Aqr",p,335.81637499999994,-15.332283333333331,"F7?",1.479,0.02,2.057,0.04,3.982,0.018,6350,100,"*  "," BW Aqr"
542," BW Aqr",s,335.81637499999994,-15.332283333333331,"F8IV?",1.377,0.02,1.788,0.04,4.073,0.02,6450,100,"*  "," BW Aqr"
545," LL Aqr",p,338.67562499999997,-3.5994916666666663,"F9V",1.195,0.001,1.321,0.006,4.274,0.004,6080,45,"*  "," LL Aqr"
546," LL Aqr",s,338.67562499999997,-3.5994916666666663,"G3V",1.034,0.001,1.002,0.005,4.451,0.004,5703,50,"*  "," LL Aqr"
557," EF Aqr",p,345.3295416666666,-6.437597222222221,"G0V",1.244,0.008,1.338,0.012,4.28,0.008,6150,65,"*  "," EF Aqr"
558," EF Aqr",s,345.3295416666666,-6.437597222222221,"GV",0.946,0.006,0.956,0.012,4.453,0.011,5185,110,"*  "," EF Aqr"
567," MG1-2056316",p,348.65899999999993,3.663702777777777,"M2V",0.469,0.002,0.441,0.002,4.821,0.004,3460,180,"*  "," MOTESS-GNAT 2056316"
568," MG1-2056316",s,348.65899999999993,3.663702777777777,"M3V",0.383,0.001,0.374,0.002,4.876,0.005,3320,180,"*  "," MOTESS-GNAT 2056316"
5," DV Psc",p,3.288333333333333,5.595294444444444,"K4V",0.677,0.019,0.685,0.03,4.598,0.04,4450,8,"** "," DV Psc"
6," DV Psc",s,3.288333333333333,5.595294444444444,"M1V",0.475,0.01,0.514,0.02,4.693,0.035,3614,8,"** "," DV Psc"
569," NSVS 11868841",p,349.4898333333333,19.284127777777776,"G9",0.886,0.035,1.01,0.03,4.377,0.031,5250,,"** "," NSVS 11868841"
570," NSVS 11868841",s,349.4898333333333,19.284127777777776,"G9",0.616,0.024,0.96,0.02,4.263,0.025,5055,4,"2  "," NSVS 11868841"
1," V421 Peg",p,1.758333333333333,22.844452777777775,"F1V",1.594,0.029,1.584,0.028,4.241,0.017,7250,80,"*  "," V421 Peg"
2," V421 Peg",s,1.758333333333333,22.844452777777775,"F2V",1.356,0.029,1.328,0.029,4.324,0.021,6980,120,"*  "," V421 Peg"
579," BK Peg",p,356.78524999999996,26.566644444444442,"F8",1.414,0.007,1.985,0.008,3.993,0.004,6265,85,"*  "," BK Peg"
580," BK Peg",s,356.78524999999996,26.566644444444442,"F8",1.257,0.005,1.472,0.017,4.202,0.01,6320,30,"*  "," BK Peg"
129," HATS551-027",p,86.24133333333332,-24.935999999999996,"M4/5.5V",0.244,0.003,0.261,0.009,4.992,0.03,3190,100,"** "," LP 837-20"
130," HATS551-027",s,86.24133333333332,-24.935999999999996,"M4/5.5V",0.179,0.002,0.218,0.011,5.014,0.044,2990,110,"** "," LP 837-20"
165," SW CMa",p,107.06349999999999,-22.440349999999995,"A4",2.24,0.014,3.015,0.02,3.83,0.006,8200,150,"*  "," SW CMa"
166," SW CMa",s,107.06349999999999,-22.440349999999995,"A5",2.105,0.018,2.496,0.042,3.967,0.015,8100,150,"*  "," SW CMa"
167," HW CMa",p,107.09108333333332,-22.40829722222222,"A6",1.719,0.011,1.649,0.018,4.239,0.01,7560,150,"*  "," HW CMa"
168," HW CMa",s,107.09108333333332,-22.40829722222222,"A6",1.779,0.012,1.668,0.021,4.244,0.011,7700,150,"*  "," HW CMa"
169," GZ CMa",p,109.08004166666665,-16.716694444444443,"A3Vm",2.201,0.025,2.49,0.03,3.989,0.012,8810,350,"*  "," GZ CMa"
170," GZ CMa",s,109.08004166666665,-16.716694444444443,"A4 V",2.001,0.025,2.13,0.04,4.083,0.017,8531,340,"*  "," GZ CMa"
139," V404 CMa",p,93.98091666666666,-18.747649999999997,"K",0.75,0.005,0.721,0.014,4.598,0.017,4200,100,"*  "," V404 CMa"
140," V404 CMa",s,93.98091666666666,-18.747649999999997,"M",0.659,0.005,0.682,0.017,4.59,0.022,3940,20,"*  "," V404 CMa"
145," KL CMa",p,97.62412499999999,-14.954369444444442,"B8V",3.55,0.27,2.37,0.09,4.239,0.047,13200,100,"***"," KL CMa"
146," KL CMa",s,97.62412499999999,-14.954369444444442,"B9V",2.95,0.24,1.7,0.1,4.447,0.062,12250,600,"***"," KL CMa"
131," V1031 Ori",p,86.86204166666666,-10.532958333333331,"A6V",2.281,0.017,4.349,0.034,3.52,0.008,7850,500,"*  "," V1031 Ori"
132," V1031 Ori",s,86.86204166666666,-10.532958333333331,"A3V",2.467,0.018,3.006,0.064,3.875,0.019,8400,500,"*  "," V1031 Ori"
123," V1174 Ori",p,83.61604166666666,-5.693833333333332,"K4.5V",1.01,0.015,1.347,0.015,4.184,0.012,4470,120,"*  "," V1174 Ori"
124," V1174 Ori",s,83.61604166666666,-5.693833333333332,"M1.5V",0.731,0.008,1.071,0.011,4.243,0.01,3615,100,"2  "," V1174 Ori"
177," PV Pup",p,116.36970833333332,-14.686166666666665,"A0V",1.539,0.012,1.536,0.016,4.253,0.01,6920,300,"*  "," PV Pup"
178," PV Pup",s,116.36970833333332,-14.686166666666665,"A2V",1.527,0.014,1.493,0.016,4.274,0.01,6930,300,"*  "," PV Pup"
163," LT CMa",p,106.01091666666665,-12.288158333333332,"B4V",5.591,0.2,3.6,0.07,4.073,0.023,17000,500,"** "," LT CMa"
164," LT CMa",s,106.01091666666665,-12.288158333333332,"B6.5V",3.364,0.14,2.046,0.05,4.343,0.028,13140,800,"** "," LT CMa"
171," FS Mon",p,111.17624999999998,-5.154047222222221,"F2V",1.632,0.012,2.061,0.012,4.023,0.006,6715,100,"*  "," FS Mon"
172," FS Mon",s,111.17624999999998,-5.154047222222221,"F4V",1.462,0.01,1.637,0.012,4.175,0.007,6550,100,"*  "," FS Mon"
185," AI Hya",p,124.69774999999998,0.28337777777777773,"F0IV",1.974,0.04,2.764,0.02,3.851,0.011,7100,60,"*  "," AI Hya"
186," AI Hya",s,124.69774999999998,0.28337777777777773,"F2III-IV",2.14,0.04,3.912,0.03,3.584,0.011,6700,60,"*  "," AI Hya"
161," HI Mon",p,103.95445833333332,-4.0432749999999995,"B0V",11.426,0.241,4.775,0.102,4.138,0.021,30000,500,"*  "," HI Mon"
162," HI Mon",s,103.95445833333332,-4.0432749999999995,"B0.5V",9.864,0.162,4.645,0.065,4.098,0.014,29000,500,"*  "," HI Mon"
157," CoRoT 102932176",p,102.29583333333332,-1.9916666666666665,"F0V",1.58,0.18,1.63,0.05,4.213,0.056,7300,50,"***"," CoRoT 102932176"
158," CoRoT 102932176",s,102.29583333333332,-1.9916666666666665,"K4V",0.64,0.08,0.73,0.02,4.518,0.059,4547,80,"***"," CoRoT 102932176"
151," V501 Mon",p,100.17383333333332,-1.111111111111111,"A6m",1.6455,0.0043,1.888,0.029,4.103,0.013,7510,100,"*  "," V501 Mon"
152," V501 Mon",s,100.17383333333332,-1.111111111111111,"F0",1.4588,0.0025,1.592,0.028,4.198,0.015,7000,90,"*  "," V501 Mon"
141," IM Mon",p,95.75612499999998,-3.2769749999999993,"B4V",5.506,0.24,3.151,0.04,4.182,0.022,17500,350,"** "," IM Mon"
142," IM Mon",s,95.75612499999998,-3.2769749999999993,"B6.5V",3.338,0.161,2.361,0.03,4.216,0.024,14500,550,"** "," IM Mon"
147," V578 Mon",p,98.00254166666666,4.878027777777777,"B1V",14.54,0.08,5.41,0.04,4.135,0.007,30000,500,"*  "," V578 Mon"
148," V578 Mon",s,98.00254166666666,4.878027777777777,"B",10.29,0.06,4.29,0.05,4.186,0.01,25750,435,"*  "," V578 Mon"
175," MG1-506664",p,115.79820833333332,3.2728027777777773,"M1V",0.584,0.002,0.559,0.002,4.71,0.003,3730,90,"*  "," MOTESS-GNAT 506664"
176," MG1-506664",s,115.79820833333332,3.2728027777777773,"M2V",0.544,0.002,0.512,0.004,4.755,0.007,3610,90,"*  "," MOTESS-GNAT 506664"
103," TYC 4749-560-1",p,73.26845833333333,-7.006519444444444,"K2",0.834,0.006,0.848,0.005,4.503,0.006,5340,200,"*  "," TYC 4749-560-1"
104," TYC 4749-560-1",s,73.26845833333333,-7.006519444444444,"K4",0.828,0.006,0.833,0.005,4.515,0.006,5125,200,"*  "," TYC 4749-560-1"
127," GG Ori",p,85.79258333333333,0.6874722222222222,"A2V",2.342,0.016,1.852,0.025,4.273,0.012,9950,200,"*  "," GG Ori"
128," GG Ori",s,85.79258333333333,0.6874722222222222,"A2V",2.337,0.017,1.83,0.025,4.282,0.012,9950,200,"*  "," GG Ori"
101," MG1-116309",p,72.00399999999999,3.2966916666666664,"K8V",0.567,0.002,0.552,0.008,4.708,0.013,3920,80,"*  "," MOTESS-GNAT 116309"
102," MG1-116309",s,72.00399999999999,3.2966916666666664,"M0V",0.532,0.002,0.532,0.006,4.712,0.01,3810,80,"*  "," MOTESS-GNAT 116309"
113," EW Ori",p,80.038125,2.0444361111111107,"G0V",1.173,0.011,1.169,0.005,4.372,0.006,6070,95,"*  "," EW Ori"
114," EW Ori",s,80.038125,2.0444361111111107,"G5V",1.123,0.009,1.098,0.005,4.408,0.005,5900,95,"*  "," EW Ori"
115," 2MASS J05282082+0338327",p,82.08675,3.6424444444444437,"K1V",1.366,0.011,1.835,0.01,4.047,0.006,5103,26,"*  "," 2MASS J05282082+0338327"
116," 2MASS J05282082+0338327",s,82.08675,3.6424444444444437,"K3V",1.327,0.008,1.735,0.01,4.083,0.006,4751,26,"*  "," 2MASS J05282082+0338327"
65," SDSS-MEB-1",p,49.59949999999999,-1.005111111111111,"M4V",0.272,0.02,0.268,0.009,5.017,0.043,3320,130,"***"," SDSS-MEB-1"
66," SDSS-MEB-1",s,49.59949999999999,-1.005111111111111,"M4V",0.24,0.022,0.248,0.008,5.03,0.049,3300,130,"***"," SDSS-MEB-1"
61," TV Cet",p,48.65212499999999,2.754555555555555,"F2V",1.385,0.052,1.484,0.02,4.237,0.02,6902,150,"** "," TV Cet"
62," TV Cet",s,48.65212499999999,2.754555555555555,"F5V",1.265,0.051,1.221,0.01,4.367,0.019,6575,150,"** "," TV Cet"
67," MG1-78457",p,51.58637499999999,3.210080555555555,"M3V",0.527,0.002,0.505,0.008,4.754,0.014,3330,60,"*  "," MOTESS-GNAT 78457"
68," MG1-78457",s,51.58637499999999,3.210080555555555,"M4V",0.491,0.001,0.471,0.009,4.783,0.017,3270,60,"*  "," MOTESS-GNAT 78457"
79," V1130 Tau",p,57.67474999999999,1.563947222222222,"F0",1.306,0.008,1.49,0.01,4.208,0.006,6650,70,"*  "," V1130 Tau"
80," V1130 Tau",s,57.67474999999999,1.563947222222222,"F0",1.392,0.008,1.784,0.011,4.079,0.006,6625,70,"*  "," V1130 Tau"
135," V1388 Ori",p,92.74654166666666,11.994858333333331,"B2.5IV-V",7.421,0.08,5.604,0.04,3.812,0.008,20500,500,"*  "," V1388 Ori"
136," V1388 Ori",s,92.74654166666666,11.994858333333331,"B3V",5.156,0.03,3.763,0.03,4.0,0.007,18500,500,"*  "," V1388 Ori"
137," FT Ori",p,93.49229166666666,21.427549999999997,"A0",2.168,0.022,1.871,0.013,4.23,0.007,9600,400,"*  "," FT Ori"
138," FT Ori",s,93.49229166666666,21.427549999999997,"A2",1.773,0.02,1.626,0.013,4.265,0.008,8600,300,"*  "," FT Ori"
99," 2MASS J04463285+1901432",p,71.63691666666665,19.028666666666663,"M2.5V",0.467,0.05,0.56,0.02,4.611,0.056,3320,150,"2  "," 2MASS J04463285+1901432"
100," 2MASS J04463285+1901432",s,71.63691666666665,19.028666666666663,"M",0.192,0.02,0.21,0.01,5.077,0.061,2900,150,"***"," 2MASS J04463285+1901432"
109," CD Tau",p,79.37979166666666,20.131841666666663,"F6V",1.441,0.016,1.798,0.017,4.087,0.01,6200,50,"*  "," CD Tau"
110," CD Tau",s,79.37979166666666,20.131841666666663,"F6V",1.366,0.016,1.584,0.02,4.174,0.012,6200,50,"*  "," CD Tau"
107," V1236 Tau",p,79.12004166666665,26.12744444444444,"K7V",0.788,0.01,0.766,0.015,4.566,0.018,4200,200,"*  "," V1236 Tau"
108," V1236 Tau",s,79.12004166666665,26.12744444444444,"K7V",0.771,0.008,0.803,0.01,4.516,0.012,4133,250,"*  "," V1236 Tau"
149," WW Aur",p,98.11324999999998,32.454897222222215,"A4m",1.964,0.007,1.928,0.011,4.161,0.005,7960,420,"*  "," WW Aur"
150," WW Aur",s,98.11324999999998,32.454897222222215,"A5m",1.814,0.007,1.842,0.011,4.166,0.005,7670,410,"*  "," WW Aur"
253," VV Crv",p,190.31645833333332,-13.013888888888888,"F5V",1.978,0.01,3.375,0.01,3.678,0.003,6500,200,"*  "," VV Crv"
254," VV Crv",s,190.31645833333332,-13.013888888888888,"F5V",1.513,0.008,1.65,0.008,4.183,0.005,6638,200,"*  "," VV Crv"
239," chi02 Hya",p,166.48987499999998,-27.287852777777776,"B8",3.605,0.08,4.484,0.041,3.692,0.012,11750,190,"*  "," chi02 Hya"
240," chi02 Hya",s,166.48987499999998,-27.287852777777776,"B9",2.632,0.05,2.206,0.041,4.171,0.018,11100,230,"*  "," chi02 Hya"
265," EPIC 212651213A",p,208.93112499999998,-9.41828611111111," ",0.94,0.06,0.86,0.12,4.542,0.124,5475,200,"***"," EPIC 212651213"
266," EPIC 212651213A",s,208.93112499999998,-9.41828611111111," ",0.89,0.05,0.8,0.09,4.582,0.101,5250,200,"***"," EPIC 212651213"
269," BH Vir",p,209.6035833333333,-1.6608194444444442,"F8V",1.178,0.018,1.228,0.05,4.331,0.036,6100,100,"** "," BH Vir"
270," BH Vir",s,209.6035833333333,-1.6608194444444442,"G5V",1.05,0.015,1.118,0.04,4.363,0.032,5500,200,"** "," BH Vir"
255," IM Vir",p,192.41124999999997,-6.079127777777777,"G7V",0.981,0.012,1.062,0.016,4.378,0.014,5570,100,"*  "," IM Vir"
256," IM Vir",s,192.41124999999997,-6.079127777777777,"K7V",0.664,0.005,0.681,0.013,4.594,0.017,4250,130,"*  "," IM Vir"
257," HY Vir",p,197.12466666666663,-2.6789944444444442,"F0m",1.838,0.009,2.83,0.008,3.799,0.003,7870,,"*  "," HY Vir"
258," HY Vir",s,197.12466666666663,-2.6789944444444442,"F5V",1.404,0.006,1.532,0.008,4.215,0.005,6546,,"*  "," HY Vir"
245," FM Leo",p,168.18787499999996,0.34801111111111105,"F9V",1.318,0.007,1.649,0.043,4.124,0.023,6316,240,"*  "," FM Leo"
246," FM Leo",s,168.18787499999996,0.34801111111111105,"F9V",1.287,0.007,1.512,0.049,4.189,0.028,6190,211,"** "," FM Leo"
223," TYC 4896-1029-1",p,149.27758333333333,-1.3439749999999997," ",1.29,0.09,1.35,0.01,4.288,0.031,6440,,"***"," TYC 4896-1029-1"
224," TYC 4896-1029-1",s,149.27758333333333,-1.3439749999999997," ",1.33,0.09,1.36,0.01,4.295,0.03,6160,195,"***"," TYC 4896-1029-1"
219," ASAS-09",p,144.55629166666665,-1.0744166666666666,"K",0.758,0.032,0.769,0.012,4.546,0.023,4360,150,"** "," ASAS J093813-0104.3"
220," ASAS-09",s,144.55629166666665,-1.0744166666666666,"K",0.761,0.021,0.766,0.013,4.551,0.019,4360,150,"*  "," ASAS J093813-0104.3"
229," MG1-646680",p,157.73004166666664,3.5740472222222217,"M1V",0.499,0.002,0.457,0.005,4.817,0.01,3720,20,"*  "," MOTESS-GNAT 646680"
230," MG1-646680",s,157.73004166666664,3.5740472222222217,"M2V",0.444,0.002,0.427,0.004,4.825,0.008,3630,20,"*  "," MOTESS-GNAT 646680"
231," UV Leo",p,159.58654166666665,14.267686111111109,"G0V",1.126,0.09,0.958,0.024,4.527,0.041,6129,67,"***"," UV Leo"
232," UV Leo",s,159.58654166666665,14.267686111111109,"G2V",1.08,0.097,1.197,0.042,4.316,0.05,5741,59,"***"," UV Leo"
353," V1647 Sgr",p,269.80612499999995,-36.93884444444444,"A1V",2.184,0.04,1.908,0.021,4.216,0.012,9600,310,"*  "," V1647 Sgr"
354," V1647 Sgr",s,269.80612499999995,-36.93884444444444,"A2V",1.967,0.03,1.741,0.021,4.251,0.012,9100,300,"*  "," V1647 Sgr"
349," V906 Sco",p,268.47820833333327,-34.75272222222222,"B9V",3.37,0.071,4.525,0.035,3.655,0.011,10400,500,"*  "," V906 Sco"
350," V906 Sco",s,268.47820833333327,-34.75272222222222,"B9V",3.246,0.069,3.518,0.039,3.857,0.013,10700,500,"*  "," V906 Sco"
355," V3903 Sgr",p,272.32374999999996,-23.98839444444444,"O7V",27.204,0.549,8.12,0.086,4.054,0.013,38000,1900,"*  "," V3903 Sgr"
356," V3903 Sgr",s,272.32374999999996,-23.98839444444444,"O9V",18.964,0.439,6.149,0.06,4.139,0.013,34100,1700,"*  "," V3903 Sgr"
359," V1980 Sgr",p,276.3521666666666,-25.177827777777775,"K5",1.227,0.039,12.97,0.97,2.301,0.066,4783,82,"2  "," V1980 Sgr"
360," V1980 Sgr",s,276.3521666666666,-25.177827777777775,"K5",1.269,0.04,12.74,1.06,2.331,0.074,4600,163,"2  "," V1980 Sgr"
357," 2MASS J18251003",p,276.29175,-24.590047222222218," ",3.353,0.025,23.44,2.97,2.224,0.11,4830,97,"2  "," 2MASS J18251003-2435242"
358," 2MASS J18251003",s,276.29175,-24.590047222222218," ",3.377,0.024,15.26,3.89,2.6,0.221,4800,107,"1  "," 2MASS J18251003-2435242"
385," YY Sgr",p,281.14941666666664,-19.389641666666662,"B5V",3.897,0.13,2.576,0.03,4.207,0.018,14800,700,"*  "," YY Sgr"
386," YY Sgr",s,281.14941666666664,-19.389641666666662,"B6V",3.482,0.09,2.344,0.05,4.24,0.022,14125,670,"** "," YY Sgr"
387," ASASJ184949-1518.7",p,282.45554166666665,-15.312483333333331," ",1.91,0.05,3.0,0.7,3.765,0.203,6630,320,"1  "," ASASJ184949-1518.7"
388," ASASJ184949-1518.7",s,282.45554166666665,-15.312483333333331," ",2.19,0.04,9.0,3.0,2.87,0.29,4560,120,"1  "," ASASJ184949-1518.7"
409," V805 Aql",p,286.5758333333333,-11.649258333333332,"A2V",2.114,0.04,2.122,0.121,4.11,0.05,8185,330,"** "," V805 Aql"
410," V805 Aql",s,286.5758333333333,-11.649258333333332,"A7V",1.628,0.02,1.76,0.121,4.159,0.06,7178,300,"***"," V805 Aql"
505," IO Aqr",p,310.1894583333333,0.9391722222222221,"F5V-IV",1.569,0.004,2.191,0.015,3.953,0.006,6475,138,"*  "," IO Aqr"
506," IO Aqr",s,310.1894583333333,0.9391722222222221,"F6V-IV",1.655,0.004,2.493,0.017,3.864,0.006,6336,125,"*  "," IO Aqr"
477," MG1-1819499",p,302.96416666666664,3.622222222222222,"M1.1",0.557,0.001,0.519,0.011,4.754,0.018,3690,80,"*  "," MOTESS-GNAT 1819499"
478," MG1-1819499",s,302.96416666666664,3.622222222222222,"M1.1",0.535,0.001,0.456,0.007,4.849,0.013,3610,80,"*  "," MOTESS-GNAT 1819499"
499," MR Del",p,307.80612499999995,5.219027777777777,"K2V",0.686,0.065,0.649,0.02,4.65,0.049,4900,,"***"," MR Del"
500," MR Del",s,307.80612499999995,5.219027777777777,"K6V",0.628,0.064,0.829,0.02,4.399,0.049,4400,20,"2  "," MR Del"
383," V1331 Aql",p,281.0532916666666,-1.554322222222222,"B1V",10.079,0.11,4.253,0.03,4.184,0.008,25400,100,"*  "," V1331 Aql"
384," V1331 Aql",s,281.0532916666666,-1.554322222222222,"B1.5V",5.282,0.1,4.043,0.03,3.948,0.01,20100,140,"*  "," V1331 Aql"
361," EG Ser",p,276.5091666666666,-1.6809499999999997,"A1V",2.2,0.05,1.689,0.01,4.326,0.011,9900,200,"*  "," EG Ser"
362," EG Ser",s,276.5091666666666,-1.6809499999999997,"A1V",1.99,0.03,1.549,0.01,4.357,0.009,9100,200,"*  "," EG Ser"
373," V413 Ser",p,278.7842083333333,0.04300555555555555,"B8V",3.654,0.05,3.2,0.05,3.991,0.015,11100,300,"*  "," V413 Ser"
374," V413 Ser",s,278.7842083333333,0.04300555555555555,"B9V",3.318,0.04,2.921,0.05,4.028,0.016,10350,280,"*  "," V413 Ser"
393," BD+03 3821",p,283.1679583333333,4.053263888888888,"B8V",4.261,0.116,3.83,0.03,3.901,0.014,13140,1500,"*  "," BD+03 3821"
394," BD+03 3821",s,283.1679583333333,4.053263888888888,"B8V",2.819,0.114,2.073,0.02,4.255,0.019,12044,100,"** "," BD+03 3821"
375," HD 172189",p,279.6564583333333,5.465372222222221,"A5V",2.06,0.15,4.017,0.094,3.544,0.038,7920,15,"***"," HD 172189"
376," HD 172189",s,279.6564583333333,5.465372222222221,"A6.5V",1.869,0.14,2.969,0.07,3.765,0.038,7608,15,"***"," HD 172189"
381," CoRoT 105906206",p,280.82062499999995,5.966736111111111,"F3",2.25,0.04,4.24,0.02,3.536,0.009,6750,150,"*  "," CoRoT 105906206"
382," CoRoT 105906206",s,280.82062499999995,5.966736111111111," ",1.29,0.03,1.34,0.01,4.295,0.012,6152,162,"*  "," CoRoT 105906206"
425," V1430 Aql",p,290.4520416666666,4.549144444444444,"G2V",0.957,0.01,1.101,0.01,4.336,0.009,5262,150,"*  "," V1430 Aql"
426," V1430 Aql",s,290.4520416666666,4.549144444444444,"K4V",0.859,0.02,0.851,0.01,4.512,0.014,4930,100,"*  "," V1430 Aql"
401," V1665 Aql",p,284.04124999999993,7.935613888888888,"B9V",3.965,0.399,4.131,0.1,3.804,0.048,12300,350,"***"," V1665 Aql"
402," V1665 Aql",s,284.04124999999993,7.935613888888888,"B9V",3.656,0.37,2.601,0.06,4.171,0.048,11650,310,"***"," V1665 Aql"
399," V1182 Aql",p,283.84637499999997,9.346688888888888,"O5.5V",31.0,0.6,9.0,0.18,4.021,0.019,43000,500,"*  "," V1182 Aql"
400," V1182 Aql",s,283.84637499999997,9.346688888888888,"O9.5V",16.6,0.4,4.86,0.18,4.285,0.034,30500,500,"** "," V1182 Aql"
431," V415 Aql",p,292.6822083333333,13.672438888888887,"F6",1.798,0.16,2.972,0.901,3.747,0.266,6590,,"1  "," V415 Aql"
432," V415 Aql",s,292.6822083333333,13.672438888888887,"F6",1.676,0.15,2.341,0.8,3.924,0.299,6050,,"1  "," V415 Aql"
343," BD-00 3357",p,266.5809166666666,-0.31058333333333327,"F0V",1.724,0.04,1.78,0.2,4.174,0.098,7250,30,"***"," BD-00 3357"
344," BD-00 3357",s,266.5809166666666,-0.31058333333333327,"F6.6V",1.339,0.03,1.32,0.07,4.324,0.047,6425,30,"** "," BD-00 3357"
329," U Oph",p,259.13216666666665,1.2105444444444442,"B5V",4.831,0.049,3.244,0.059,4.1,0.016,16900,1500,"*  "," U Oph"
330," U Oph",s,259.13216666666665,1.2105444444444442,"B5V",4.29,0.038,2.968,0.049,4.126,0.015,16000,1500,"*  "," U Oph"
327," V2368 Oph",p,259.0594166666666,2.1862027777777775,"A2",2.417,0.018,3.857,0.019,3.649,0.005,9300,200,"*  "," V2368 Oph"
328," V2368 Oph",s,259.0594166666666,2.1862027777777775,"A2",2.525,0.065,3.74,0.019,3.695,0.012,9500,200,"*  "," V2368 Oph"
323," WZ Oph",p,256.6626666666666,7.782716666666666,"F8V",1.227,0.007,1.401,0.012,4.234,0.008,6165,100,"*  "," WZ Oph"
324," WZ Oph",s,256.6626666666666,7.782716666666666,"F8V",1.22,0.006,1.419,0.012,4.221,0.008,6115,100,"*  "," WZ Oph"
293," V335 Ser",p,239.77399999999997,0.5957083333333333,"A1V",2.029,0.01,2.039,0.02,4.127,0.009,9506,289,"*  "," V335 Ser"
294," V335 Ser",s,239.77399999999997,0.5957083333333333,"A3V",1.844,0.02,1.607,0.01,4.292,0.007,8872,248,"*  "," V335 Ser"
285," AQ Ser",p,230.56324999999995,2.503080555555555,"F5",1.346,0.024,2.281,0.014,3.851,0.009,6430,100,"*  "," AQ Ser"
286," AQ Ser",s,230.56324999999995,2.503080555555555,"F6",1.417,0.022,2.451,0.027,3.811,0.012,6340,100,"*  "," AQ Ser"
325," V2365 Oph",p,257.19075,9.186149999999998,"A",1.964,0.017,2.191,0.009,4.05,0.005,9500,200,"*  "," V2365 Oph"
326," V2365 Oph",s,257.19075,9.186149999999998,"G",1.055,0.01,0.934,0.004,4.521,0.006,6400,210,"*  "," V2365 Oph"
321," V2626 Oph",p,256.3834583333333,10.546469444444442,"A7V",1.758,0.13,3.239,0.081,3.663,0.039,7760,64,"***"," V2626 Oph"
322," V2626 Oph",s,256.3834583333333,10.546469444444442,"F2V",1.276,0.11,1.289,0.033,4.324,0.044,7205,64,"***"," V2626 Oph"
347," V2653 Oph",p,268.19699999999995,3.7941027777777774,"F2V",1.537,0.021,2.215,0.055,3.934,0.022,6950,480,"*  "," V2653 Oph"
348," V2653 Oph",s,268.19699999999995,3.7941027777777774,"F7V",1.273,0.019,2.0,0.056,3.941,0.025,6350,650,"*  "," V2653 Oph"
369," V451 Oph",p,277.3085,10.892066666666665,"B9",2.769,0.06,2.646,0.03,4.035,0.014,10800,800,"*  "," V451 Oph"
370," V451 Oph",s,277.3085,10.892066666666665,"A0V",2.351,0.05,2.032,0.03,4.194,0.016,9800,500,"*  "," V451 Oph"
363," TYC 1031 1262 1",p,276.54791666666665,12.209666666666665,"F8II",1.64,0.151,26.9,0.9,1.794,0.049,5880,200,"2  "," TYC 1031 1262 1"
364," TYC 1031 1262 1",s,276.54791666666665,12.209666666666665,"G6II",0.934,0.109,15.0,0.7,2.057,0.065,4890,125,"2  "," TYC 1031 1262 1"
371," RX Her",p,277.6635833333333,12.611205555555554,"B9.5V",2.748,0.09,2.458,0.111,4.096,0.042,11100,,"** "," RX Her"
372," RX Her",s,277.6635833333333,12.611205555555554,"A0V",2.326,0.064,1.998,0.111,4.204,0.05,10016,71,"** "," RX Her"
341," V624 Her",p,266.071875,14.410066666666665,"A3Vm",2.277,0.014,3.028,0.03,3.833,0.009,8150,150,"*  "," V624 Her"
342," V624 Her",s,266.071875,14.410066666666665,"A7V",1.876,0.013,2.208,0.03,4.024,0.012,7945,150,"*  "," V624 Her"
351," Z Her",p,269.5290833333333,15.139416666666664,"F5V",1.611,0.07,1.859,0.06,4.107,0.034,6397,75,"** "," Z Her"
352," Z Her",s,269.5290833333333,15.139416666666664,"K0IV",1.312,0.03,2.743,0.08,3.68,0.027,4977,175,"2  "," Z Her"
395," DI Her",p,283.35933333333327,24.277999999999995,"B4V",5.173,0.1,2.679,0.05,4.296,0.018,16980,800,"*  "," DI Her"
396," DI Her",s,283.35933333333327,24.277999999999995,"B5V",4.524,0.06,2.479,0.05,4.305,0.018,15135,715,"*  "," DI Her"
365," V994 Her-B",p,276.9412083333333,24.69741111111111,"A2V",1.868,0.12,1.583,0.08,4.311,0.052,9000,250,"***"," ADS 11373 B"
366," V994 Her-A",p,276.9412083333333,24.69740833333333,"B8V",2.828,0.2,2.123,0.049,4.236,0.037,12000,250,"***"," ADS 11373 A"
367," V994 Her-B",s,276.9412083333333,24.69741111111111,"A4V",1.859,0.12,1.493,0.08,4.36,0.054,8450,70,"***"," ADS 11373 B"
368," V994 Her-A",s,276.9412083333333,24.69740833333333,"A0V",2.299,0.16,1.688,0.039,4.345,0.036,9450,90,"***"," ADS 11373 A"
337," LV Her",p,263.885,23.175166666666662,"F9V",1.192,0.01,1.358,0.012,4.249,0.008,6060,150,"*  "," LV Her"
338," LV Her",s,263.885,23.175166666666662,"F9V",1.169,0.008,1.313,0.011,4.27,0.008,6030,150,"*  "," LV Her"
339," V501 Her",p,263.9310833333333,30.64308333333333,"G3",1.2689,0.0035,2.0016,0.0031,3.939,0.002,5683,100,"*  "," V501 Her"
340," V501 Her",s,263.9310833333333,30.64308333333333,"G3",1.2113,0.0032,1.5112,0.0027,4.163,0.002,5720,100,"*  "," V501 Her"
121," TZ Men",p,82.55787499999998,-84.78510277777777,"B9.5V",2.482,0.025,2.017,0.02,4.224,0.01,10400,500,"*  "," TZ Men"
122," TZ Men",s,82.55787499999998,-84.78510277777777,"A",1.5,0.01,1.433,0.015,4.302,0.01,7200,300,"*  "," TZ Men"
19," CD-80 28",p,16.409166666666664,-80.06129444444443,"K2",1.415,0.051,2.02,0.29,3.978,0.126,6156,176,"***"," CD-80 28"
20," CD-80 28",s,16.409166666666664,-80.06129444444443,"K2",1.467,0.029,5.27,0.16,3.161,0.028,4889,98,"2  "," CD-80 28"
119," UX Men",p,82.51324999999999,-76.24870555555555,"F8V",1.235,0.006,1.349,0.013,4.27,0.009,6200,100,"*  "," UX Men"
120," UX Men",s,82.51324999999999,-76.24870555555555,"F8V",1.196,0.007,1.275,0.013,4.305,0.009,6150,100,"*  "," UX Men"
11," NGC 104 WSB V69",p,5.720624999999999,-72.06129999999999,"G",0.876,0.005,1.316,0.005,4.142,0.004,5945,150,"GLB"," Cl* NGC 104 WSB V69"
12," NGC 104 WSB V69",s,5.720624999999999,-72.06129999999999,"G",0.859,0.006,1.163,0.006,4.241,0.005,5959,150,"GLB"," Cl* NGC 104 WSB V69"
21," zet Phe",p,17.096166666666665,-55.2457611111111,"B6V",3.922,0.045,2.853,0.02,4.121,0.008,14550,350,"*  "," zet Phe"
22," zet Phe",s,17.096166666666665,-55.2457611111111,"B8V",2.545,0.026,1.854,0.02,4.308,0.01,11910,200,"*  "," zet Phe"
23," AI Phe",p,17.39245833333333,-46.26558055555555,"F7V",1.197,0.004,1.835,0.014,3.989,0.007,6310,150,"2  "," AI Phe"
24," AI Phe",s,17.39245833333333,-46.26558055555555,"K0IV",1.247,0.004,2.912,0.014,3.606,0.004,5010,120,"2  "," AI Phe"
29," 2MASS J01132817-3821024",p,18.367375,-38.350694444444436,"M1V",0.613,0.03,0.596,0.02,4.675,0.036,3750,250,"** "," 2MASS J01132817-3821024"
30," 2MASS J01132817-3821024",s,18.367375,-38.350694444444436,"M3V",0.445,0.019,0.445,0.024,4.79,0.05,3085,300,"** "," 2MASS J01132817-3821024"
63," TZ For",p,48.66704166666666,-35.55766666666666,"F7 III",1.945,0.03,3.974,0.09,3.529,0.021,6350,100,"*  "," TZ For"
64," TZ For",s,48.66704166666666,-35.55766666666666,"G8III",2.045,0.06,8.349,0.12,2.906,0.018,5000,100,"2  "," TZ For"
55," AE For",p,47.02774999999999,-24.76048333333333,"K7Ve",0.6314,0.0035,0.67,0.03,4.587,0.039,4100,,"** "," AE For"
56," AE For",s,47.02774999999999,-24.76048333333333,"K7Ve",0.6197,0.0034,0.63,0.03,4.632,0.041,4055,6,"** "," AE For"
51," CW Eri",p,45.99979166666666,-17.737794444444443,"F1V",1.583,0.02,2.093,0.05,3.996,0.021,6840,86,"*  "," CW Eri"
52," CW Eri",s,45.99979166666666,-17.737794444444443,"F4V",1.327,0.01,1.569,0.07,4.17,0.039,6561,100,"** "," CW Eri"
233," RZ Cha",p,160.60041666666663,-82.037275,"F5V",1.506,0.035,2.282,0.02,3.9,0.013,6457,160,"*  "," RZ Cha"
234," RZ Cha",s,160.60041666666663,-82.037275,"F5V",1.514,0.04,2.282,0.02,3.902,0.014,6457,160,"*  "," RZ Cha"
203," RS Cha",p,130.800875,-79.07008055555555,"A8V",1.823,0.012,2.15,0.06,4.034,0.024,7638,76,"*  "," RS Cha"
204," RS Cha",s,130.800875,-79.07008055555555,"A8V",1.764,0.012,2.36,0.06,3.939,0.022,7228,72,"*  "," RS Cha"
235," DW Car",p,160.7919583333333,-60.03659444444444,"B1V",11.341,0.12,4.561,0.045,4.175,0.01,27900,1000,"*  "," DW Car"
236," DW Car",s,160.7919583333333,-60.03659444444444,"B1V",10.626,0.14,4.299,0.055,4.198,0.012,26500,1000,"*  "," DW Car"
221," QX Car",p,148.64116666666663,-58.421274999999994,"B3V",9.246,0.12,4.293,0.06,4.139,0.013,23800,500,"*  "," QX Car"
222," QX Car",s,148.64116666666663,-58.421274999999994,"B3V",8.46,0.12,4.053,0.06,4.15,0.014,22600,500,"*  "," QX Car"
181," V392 Car",p,119.54366666666665,-60.86588888888888,"A2V",1.9,0.024,1.624,0.03,4.296,0.017,8850,200,"*  "," V392 Car"
182," V392 Car",s,119.54366666666665,-60.86588888888888,"A2V",1.853,0.024,1.6,0.031,4.298,0.018,8650,200,"*  "," V392 Car"
209," del Vel",p,131.1759583333333,-54.70882222222222,"A1V",3.191,0.026,3.209,0.043,3.93,0.012,9450,,"*  "," del Vel"
210," del Vel",s,131.1759583333333,-54.70882222222222,"A1V",2.987,0.026,2.723,0.054,4.043,0.018,9830,,"*  "," del Vel"
211," CV Vel",p,135.15829166666666,-51.55557222222222,"B2.5V",6.067,0.011,4.08,0.03,4.0,0.006,18000,500,"*  "," CV Vel"
212," CV Vel",s,135.15829166666666,-51.55557222222222,"B2.5V",5.952,0.011,3.94,0.03,4.022,0.007,17780,500,"*  "," CV Vel"
205," V467 Vel",p,130.95749999999998,-46.119119444444436,"O6.5V(f)",25.3,0.7,9.99,0.09,3.842,0.014,36200,,"*  "," V467 Vel"
206," V467 Vel",s,130.95749999999998,-46.119119444444436," ",8.25,0.17,3.49,0.03,4.269,0.012,25260,80,"*  "," V467 Vel"
247," V346 Cen",p,175.70699999999997,-62.43483333333332,"B0.5IV",12.0,0.07,8.248,0.014,3.685,0.003,27141,,"*  "," V346 Cen"
248," V346 Cen",s,175.70699999999997,-62.43483333333332,"B2V",8.47,0.1,4.118,0.015,4.137,0.006,25376,18,"*  "," V346 Cen"
241," EM Car",p,168.01879166666663,-61.09525833333333,"O8V",22.833,0.319,9.356,0.17,3.855,0.017,34000,2000,"*  "," EM Car"
242," EM Car",s,168.01879166666663,-61.09525833333333,"O8V",21.376,0.329,8.345,0.16,3.925,0.018,34000,2000,"*  "," EM Car"
215," PT Vel",p,137.74049999999997,-43.26748055555555,"A1V",2.199,0.016,2.095,0.02,4.138,0.009,9247,150,"*  "," PT Vel"
216," PT Vel",s,137.74049999999997,-43.26748055555555,"A6V",1.626,0.009,1.56,0.02,4.263,0.011,7638,180,"*  "," PT Vel"
179," MW Pup",p,119.00708333333331,-44.912949999999995,"A3V",2.2,0.06,1.84,0.03,4.251,0.018,8502,200,"*  "," MW Pup"
180," MW Pup",s,119.00708333333331,-44.912949999999995,"A3V",1.88,0.07,1.72,0.03,4.241,0.022,8026,222,"** "," MW Pup"
201," TZ Pyx",p,130.28441666666666,-32.20083888888888,"A8/9V",2.075,0.04,2.356,0.033,4.011,0.015,7468,203,"*  "," TZ Pyx"
202," TZ Pyx",s,130.28441666666666,-32.20083888888888,"A8/9V",2.003,0.079,2.026,0.031,4.127,0.022,7521,208,"** "," TZ Pyx"
225," HS Hya",p,156.1532083333333,-19.092488888888887,"F4V",1.255,0.008,1.278,0.007,4.324,0.006,6500,50,"*  "," HS Hya"
226," HS Hya",s,156.1532083333333,-19.092488888888887,"F4V",1.219,0.007,1.22,0.007,4.352,0.006,6400,50,"*  "," HS Hya"
193," VV Pyx",p,126.88862499999998,-20.84395833333333,"A1V",2.097,0.018,2.169,0.02,4.087,0.009,9500,200,"*  "," VV Pyx"
194," VV Pyx",s,126.88862499999998,-20.84395833333333,"A1V",2.094,0.018,2.169,0.2,4.087,0.08,9500,200,"***"," VV Pyx"
189," ASAS-08",p,126.46499999999999,-16.379805555555553,"K",0.703,0.003,0.694,0.009,4.603,0.011,4350,200,"*  "," ASAS J082552-1622.8"
190," ASAS-08",s,126.46499999999999,-16.379805555555553,"K",0.687,0.003,0.699,0.013,4.586,0.016,4090,200,"*  "," ASAS J082552-1622.8"
217," KW Hya",p,138.1085,-7.1098277777777765,"A5Vm",1.973,0.036,2.129,0.015,4.077,0.01,8000,200,"*  "," KW Hya"
218," KW Hya",s,138.1085,-7.1098277777777765,"F0-1V",1.485,0.017,1.486,0.022,4.266,0.014,6900,200,"*  "," KW Hya"
199," VZ Hya",p,127.92254166666665,-6.318766666666666,"F5V",1.271,0.009,1.315,0.005,4.305,0.005,6645,150,"*  "," VZ Hya"
200," VZ Hya",s,127.92254166666665,-6.318766666666666,"F7V",1.146,0.006,1.113,0.007,4.405,0.006,6290,150,"*  "," VZ Hya"
333," NGC 6362 SAW V41",p,262.8975,-67.06722222222221," ",0.8215,0.0058,1.0739,0.0048,4.291,0.005,6124,121,"GLB"," Cl* NGC 6362 SAW V41"
334," NGC 6362 SAW V41",s,262.8975,-67.06722222222221," ",0.728,0.0047,0.7307,0.0046,4.573,0.006,5747,122,"GLB"," Cl* NGC 6362 SAW V41"
335," NGC 6362 SAW V40",p,263.0170833333333,-67.06249999999999," ",0.8337,0.0063,1.3253,0.0077,4.115,0.006,6156,123,"GLB"," Cl* NGC 6362 SAW V40"
336," NGC 6362 SAW V40",s,263.0170833333333,-67.06249999999999," ",0.7947,0.0048,0.997,0.013,4.341,0.012,6100,158,"GLB"," Cl* NGC 6362 SAW V40"
313," V349 Ara",p,249.84424999999996,-60.96166666666666,"A2",2.59,0.07,3.6,0.07,3.739,0.021,9074,200,"*  "," V349 Ara"
314," V349 Ara",s,249.84424999999996,-60.96166666666666,"A5",2.51,0.06,4.15,0.07,3.602,0.018,8180,202,"*  "," V349 Ara"
259," eta Mus",p,198.81224999999998,-67.89458888888888,"B8V",3.283,0.04,2.14,0.02,4.294,0.01,12700,100,"*  "," eta Mus"
260," eta Mus",s,198.81224999999998,-67.89458888888888,"B8V",3.282,0.04,2.13,0.04,4.298,0.017,12550,300,"*  "," eta Mus"
261," SZ Cen",p,207.6462083333333,-58.499197222222215,"A7V",2.272,0.025,4.555,0.023,3.478,0.006,8000,300,"*  "," SZ Cen"
262," SZ Cen",s,207.6462083333333,-58.499197222222215,"A7V",2.311,0.021,3.622,0.021,3.684,0.006,8280,300,"*  "," SZ Cen"
345," V539 Ara",p,267.6182916666666,-53.61240555555555,"B3V",6.265,0.07,4.436,0.12,3.941,0.024,18200,1300,"*  "," V539 Ara"
346," V539 Ara",s,267.6182916666666,-53.61240555555555,"B4V",5.326,0.06,3.735,0.25,4.02,0.058,16982,1215,"***"," V539 Ara"
317," V1292 Sco",p,253.48149999999995,-41.880913888888884,"O9.5III",18.6,0.3,11.2,1.1,3.609,0.086,31900,900,"***"," V1292 Sco"
318," V1292 Sco",s,253.48149999999995,-41.880913888888884,"B1-2V-III",7.3,0.1,5.2,2.7,3.87,0.451,21800,4100,"1  "," V1292 Sco"
319," V1034 Sco",p,253.5827083333333,-41.835944444444436,"O9V",17.977,0.45,7.441,0.449,3.95,0.054,34000,150,"***"," V1034 Sco"
320," V1034 Sco",s,253.5827083333333,-41.835944444444436,"B1-1.5V",9.97,0.22,5.383,0.429,3.975,0.07,26260,150,"***"," V1034 Sco"
297," TV Nor",p,241.03849999999997,-51.54444166666666,"A2-5V",2.048,0.022,1.851,0.012,4.215,0.007,9120,148,"*  "," TV Nor"
298," TV Nor",s,241.03849999999997,-51.54444166666666,"A8-F0III",1.661,0.018,1.56,0.014,4.272,0.009,7798,108,"*  "," TV Nor"
281," GG Lup",p,229.73487499999996,-40.78822222222222,"B7V",4.16,0.12,2.42,0.05,4.29,0.022,13000,300,"*  "," GG Lup"
282," GG Lup",s,229.73487499999996,-40.78822222222222,"B9V",2.64,0.12,1.79,0.04,4.354,0.028,10600,300,"** "," GG Lup"
309," V760 Sco",p,246.18216666666663,-34.89375833333333,"B4V",4.969,0.09,3.028,0.06,4.172,0.019,16900,500,"*  "," V760 Sco"
310," V760 Sco",s,246.18216666666663,-34.89375833333333,"B4V",4.61,0.07,2.656,0.05,4.254,0.018,16300,500,"*  "," V760 Sco"
307," V69-M4",p,245.9917083333333,-26.621666666666663,"F",0.7665,0.0053,0.8655,0.0097,4.448,0.01,6084,121,"GLB"," [KTR2013] V69"
308," V69-M4",s,245.9917083333333,-26.621666666666663,"G",0.7278,0.0048,0.8074,0.008,4.486,0.009,5915,137,"GLB"," [KTR2013] V69"
305," V66-M4",p,245.88429166666663,-26.528138888888886,"F",0.7842,0.0045,0.9347,0.0048,4.391,0.005,6162,98,"GLB"," [KTR2013] V66"
306," V66-M4",s,245.88429166666663,-26.528138888888886,"G",0.7443,0.0042,0.8298,0.0053,4.472,0.006,5938,105,"GLB"," [KTR2013] V66"
303," V65-M4",p,245.86829166666664,-26.506111111111107,"F",0.8035,0.0086,1.147,0.0104,4.224,0.009,6088,108,"GLB"," [KTR2013] V65"
304," V65-M4",s,245.86829166666664,-26.506111111111107,"K",0.605,0.0044,0.611,0.0092,4.648,0.013,4812,125,"GLB"," [KTR2013] V65"
299," EPIC 203710387",p,244.12783333333329,-25.205602777777774,"M4.5-M5",0.1183,0.0028,0.417,0.01,4.271,0.023,2980,75,"2  "," EPIC 203710387"
300," EPIC 203710387",s,244.12783333333329,-25.205602777777774,"M4.5-M5",0.1076,0.0031,0.45,0.012,4.164,0.026,2840,90,"2  "," EPIC 203710387"
301," EPIC 203868608",p,244.32912499999998,-24.621849999999995,"M5V",0.0224,5.0E-4,0.282,0.005,3.888,0.018,2830,80,"2  "," EPIC 203868608"
302," EPIC 203868608",s,244.32912499999998,-24.621849999999995,"M5V",0.0246,0.001,0.255,0.004,4.016,0.022,2980,75,"2  "," EPIC 203868608"
251," EP Cru",p,189.31979166666665,-56.7881611111111,"B5V",5.02,0.13,3.59,0.035,4.029,0.014,15700,500,"*  "," EP Cru"
252," EP Cru",s,189.31979166666665,-56.7881611111111,"B5V",4.83,0.13,3.495,0.034,4.035,0.014,15400,500,"*  "," EP Cru"
273," V636 Cen",p,214.24129166666663,-49.9451,"G1V",1.052,0.005,1.024,0.004,4.44,0.004,5900,85,"*  "," V636 Cen"
274," V636 Cen",s,214.24129166666663,-49.9451,"K2V",0.854,0.003,0.835,0.004,4.526,0.004,5000,100,"*  "," V636 Cen"
263," V1200 Cen",p,208.0729583333333,-38.621338888888886,"F5V",1.394,0.03,1.39,0.15,4.297,0.094,6266,94,"***"," V1200 Cen"
264," V1200 Cen",s,208.0729583333333,-38.621338888888886," ",0.866,0.015,1.1,0.25,4.293,0.198,4650,900,"1  "," V1200 Cen"
275," Psi Cen",p,215.13929166666665,-37.88529444444444,"B9",3.114,0.016,3.634,0.007,3.811,0.003,10450,300,"*  "," Psi Cen"
276," Psi Cen",s,215.13929166666665,-37.88529444444444,"A2",1.909,0.03,1.811,0.004,4.203,0.007,8800,300,"*  "," Psi Cen"
277," V1207 Cen",p,215.2633333333333,-32.88701666666666," ",1.132,0.008,1.92,0.06,3.926,0.027,6340,230,"2  "," V1207 Cen"
278," V1207 Cen",s,215.2633333333333,-32.88701666666666," ",1.134,0.013,3.003,0.026,3.538,0.009,5000,160,"2  "," V1207 Cen"
295," EPIC 205030103",p,239.9604583333333,-19.74370833333333,"M4",0.3336,0.0022,0.862,0.012,4.091,0.012,3200,75,"2  "," EPIC 205030103"
296," EPIC 205030103",s,239.9604583333333,-19.74370833333333,"M4",0.32,0.0022,0.852,0.013,4.083,0.014,3200,75,"2  "," EPIC 205030103"
271," DM Vir",p,211.9684583333333,-11.152080555555553,"F7V",1.454,0.008,1.764,0.017,4.108,0.009,6500,100,"*  "," DM Vir"
272," DM Vir",s,211.9684583333333,-11.152080555555553,"F7V",1.448,0.008,1.764,0.017,4.106,0.009,6500,300,"*  "," DM Vir"
535," BG Ind",p,329.6253333333333,-59.01214166666666,"F3V",1.502,0.008,2.326,0.017,3.882,0.007,6353,270,"*  "," BG Ind"
536," BG Ind",s,329.6253333333333,-59.01214166666666,"F5V",1.343,0.008,1.706,0.039,4.102,0.02,6653,233,"*  "," BG Ind"
519," ASAS-21",p,322.47499999999997,-56.33440833333333,"K",0.839,0.017,0.847,0.012,4.506,0.015,4750,150,"*  "," ASAS J212953-5619.8"
520," ASAS-21",s,322.47499999999997,-56.33440833333333,"K",0.714,0.013,0.72,0.017,4.577,0.022,4220,180,"*  "," ASAS J212953-5619.8"
377," QY Tel",p,280.12125,-45.74773333333333,"F6V",1.32,0.06,1.74,0.15,4.078,0.077,6550,200,"***"," QY Tel"
378," QY Tel",s,280.12125,-45.74773333333333,"F6V",1.44,0.09,2.7,0.16,3.734,0.058,6294,201,"***"," QY Tel"
405," TY Cra",p,285.420125,-36.87607777777777,"B9e",3.11,0.07,1.46,0.15,4.602,0.09,12000,500,"2  "," TY Cra"
406," TY Cra",s,285.420125,-36.87607777777777," ",1.61,0.02,2.3,0.14,3.922,0.053,4894,250,"** "," TY Cra"
379," V4403 Sgr",p,280.54774999999995,-34.040277777777774,"F6",1.33,0.02,1.74,0.02,4.081,0.012,6517,150,"*  "," V4403 Sgr"
380," V4403 Sgr",s,280.54774999999995,-34.040277777777774,"F7",1.59,0.03,2.5,0.03,3.844,0.013,6316,151,"*  "," V4403 Sgr"
439," V4089 Sgr",p,293.53537499999993,-40.034638888888885,"A2-3IV",2.584,0.008,3.959,0.013,3.655,0.003,8433,97,"*  "," V4089 Sgr"
440," V4089 Sgr",s,293.53537499999993,-40.034638888888885,"A7V",1.607,0.007,1.605,0.016,4.233,0.009,7361,105,"*  "," V4089 Sgr"
461," HD 187669",p,298.092,-32.561027777777774,"K0-0.5III",1.504,0.004,11.33,0.28,2.507,0.021,4650,80,"2  "," HD 187669"
462," HD 187669",s,298.092,-32.561027777777774,"K2.5III",1.505,0.004,22.62,0.5,1.907,0.019,4330,70,"2  "," HD 187669"
413," V526 Sgr",p,287.06262499999997,-31.34859444444444,"B9.5V",2.282,0.046,1.879,0.013,4.249,0.011,10140,,"*  "," V526 Sgr"
414," V526 Sgr",s,287.06262499999997,-31.34859444444444,"A2V",1.687,0.034,1.558,0.011,4.28,0.011,8567,9,"*  "," V526 Sgr"
